Workbook

Sheet ① 작업표
A1: 연번 | B1: 장 | C1: 절·위치 | D1: 우선순위 | E1: 확인 항목 (마커 원문) | F1: 확인해야 할 조문·출처 | G1: 확인 내용 (체크리스트) | H1: 원고 위치 | I1: 상태 | J1: 확인 결과 기재란 | K1: 근거 URL·법령버전 | L1: 확인자 | M1: 확인일 | N1: 비고 | O1: 키 | P1: 자동판정
A2: 1 | B2: 1 | C2: 1.3 실무 절차 — 언제까지, 어디에 | D2: 🟡 중요 | E2: [검증필요: 시행령 §78① 원문 대조] | F2: 시행령 §78① | G2: 법정결정기한(상속세 신고기한부터 9개월, 증여세 6개월)의 근거 시행령 §78① 원문 대조. 현재 복수 2차 출처만 일치. | H2: 01_상속증여와_세금_전체그림.md L93 | I2: 미확인 | O2: 1|L0093|1 | P2: 미확인
A3: 2 | B3: 1 | C3: 1.4 누가 이 세금을 내는가 | D3: 🟢 보완 | E3: [검증필요 — 연도별 과세인원 절대 수치와 2021·2022년 과세 비율은 국세통계 인용 보도 경유. 국세통계포털(TASIS) 원문 대조 필요. 과세 비율 약 5.9%는 복수 출처 일치] | G3: 연도별 과세인원 절대 수치(2024년 피상속인 약 35만 9천 명 중 2만 1천여 명)와 2021·2022년 과세 비율이 국세통계 인용 보도 경유. 국세통계포털(TASIS) 원문 대조 필요. 과세 비율 약 5.9%는 복수 출처 일치. | H3: 01_상속증여와_세금_전체그림.md L155 | I3: 미확인 | O3: 1|L0155|1 | P3: 미확인
A4: 3 | B4: 1 | C4: 1.4 누가 이 세금을 내는가 | D4: 🟢 보완 | E4: [검증필요 — 기초·일괄공제 금액의 최종 개정 연도] | G4: "세율도 공제액도 그대로"의 근거인 기초·일괄공제 금액의 최종 개정 연도 확정. | H4: 01_상속증여와_세금_전체그림.md L159 | I4: 미확인 | O4: 1|L0159|1 | P4: 미확인
A5: 4 | B5: 1 | C5: 1.7 이 책 사용법 | D5: ⚪ 표기 | E5: [검증필요] | G5: 독자 유형별 읽기 안내표의 "[검증필요] 목록을 중심에 둔다" | H5: 01_상속증여와_세금_전체그림.md L219 | I5: 해당없음 | N5: 표기 설명·상호참조 — 원문 조회 대상 아님. 마커를 지우지 말 것 | O5: 1|L0219|1 | P5: 해당없음
A6: 5 | B6: 1 | C6: 1.7 이 책 사용법 | D6: ⚪ 표기 | E6: [검증필요] | G6: 표기 정의: "[검증필요] = 저자가 법령 원문과의 1:1 대조를 끝내지 못한 지점" | H6: 01_상속증여와_세금_전체그림.md L241 | I6: 해당없음 | N6: 표기 설명·상호참조 — 원문 조회 대상 아님. 마커를 지우지 말 것 | O6: 1|L0241|1 | P6: 해당없음
A7: 6 | B7: 1 | C7: 1.7 이 책 사용법 | D7: ⚪ 표기 | E7: [검증필요] | G7: 면책 박스의 "금액 기준과 [검증필요] 표기 항목은 인용 전 현행본 대조가 필요하다" | H7: 01_상속증여와_세금_전체그림.md L244 | I7: 해당없음 | N7: 표기 설명·상호참조 — 원문 조회 대상 아님. 마커를 지우지 말 것 | O7: 1|L0244|1 | P7: 해당없음
A8: 7 | B8: 1 | C8: 1.9 핵심 체크리스트 | D8: ⚪ 표기 | E8: [검증필요] | G8: "이 책의 표기와 면책의 의미를 확인했는가?" | H8: 01_상속증여와_세금_전체그림.md L273 | I8: 해당없음 | N8: 표기 설명·상호참조 — 원문 조회 대상 아님. 마커를 지우지 말 것 | O8: 1|L0273|1 | P8: 해당없음
A9: 8 | B9: 2 | C9: 2.1 국세청 해석은 법이 아니다 | D9: 🟢 보완 | E9: [검증필요 — 인용한 예규 2건(사전-2023-법규재산-0247, 사전-2025-법규재산-0190)은 2차 출처 경유이며 국세법령정보시스템 원문 대조 미실시] | F9: 사전-2023-법규재산-0247 · 사전-2025-법규재산-0190 | G9: 인용 예규 2건(사전-2023-법규재산-0247, 사전-2025-법규재산-0190)이 2차 출처 경유. 국세법령정보시스템 원문 대조 미실시. ※ 10장 L249와 동일 예규 — 함께 처리. | H9: 02_상증세법의_구조와_법령체계.md L50 | I9: 미확인 | N9: ※ 10장 L249와 동일 예규 — 함께 처리 | O9: 2|L0050|1 | P9: 미확인
A10: 9 | B10: 2 | C10: 2.2 조문 지도 | D10: 🟡 중요 | E10: [검증필요: 제6장 제목·범위 원문] | F10: §76 | G10: 상증세법 제6장의 제목·범위 원문 확인(현재 "보칙 §76~ 결정·경정·사후관리"로 표기). | H10: 02_상증세법의_구조와_법령체계.md L61 | I10: 미확인 | O10: 2|L0061|1 | P10: 미확인
A11: 10 | B11: 2 | C11: 2.3 조문 확인법 | D11: ⚪ 표기 | E11: [검증필요] | G11: "각 장 끝 [검증필요] 항목과 부록의 체크리스트" | H11: 02_상증세법의_구조와_법령체계.md L118 | I11: 해당없음 | N11: 표기 설명·상호참조 — 원문 조회 대상 아님. 마커를 지우지 말 것 | O11: 2|L0118|1 | P11: 해당없음
A12: 11 | B12: 2 | C12: 2.3 조문을 직접 확인하는 법 | D12: 🟢 보완 | E12: [검증필요 — 오픈API 이용 신청 절차와 요청 파라미터(인증용 ID 등)의 현행 사양은 이용 시점에 재확인 필요] | G12: law.go.kr 오픈API 이용 신청 절차와 요청 파라미터(인증용 ID 등)의 현행 사양은 이용 시점 재확인. ※ 부록 J L407과 동일 건. | H12: 02_상증세법의_구조와_법령체계.md L138 | I12: 미확인 | N12: ※ 부록 J L407과 동일 건 | O12: 2|L0138|1 | P12: 미확인
A13: 12 | B13: 3 | C13: 3.1 세법이 민법 위에 서 있다 | D13: 🟡 중요 | E13: [검증필요 — 특별수익·기여분의 근거 조문·산정 방식] | F13: 민법 §1008 · §1008의2 | G13: 특별수익·기여분의 근거 조문(민법 §1008·§1008의2 추정)과 산정 방식. ※ L193과 동일 쟁점 — 묶어서 처리. | H13: 03_상속의_민법_기초.md L46 | I13: 미확인 | N13: ※ L193과 동일 쟁점 — 묶어서 처리 | O13: 3|L0046|1 | P13: 미확인
A14: 13 | B14: 3 | C14: 3.2 3개월의 갈림길 (§1019) | D14: 🟡 중요 | E14: [검증필요 — 숙려기간 연장 청구의 근거 조문·요건] | G14: 숙려기간 연장 청구의 근거 조문·요건(가정법원 청구). | H14: 03_상속의_민법_기초.md L60 | I14: 미확인 | O14: 3|L0060|1 | P14: 미확인
A15: 14 | B15: 3 | C15: 3.3 격변기의 유류분 | D15: 🔴 최우선 | E15: [검증필요 — 산입 증여의 범위·기간 요건, 반환 순서의 근거 조문, 유류분 반환청구권의 행사 기간] | G15: ① 산입 증여의 범위·기간 요건(상속인 vs 제3자 구분) ② 반환 순서의 근거 조문(유증 우선 여부) ③ 유류분 반환청구권의 행사 기간. 세 가지 모두 유류분 계산 결과를 바꾸는 수치·순서다. | H15: 03_상속의_민법_기초.md L91 | I15: 미확인 | O15: 3|L0091|1 | P15: 미확인
A16: 15 | B16: 3 | C16: 3.3 격변기의 유류분 | D16: 🟡 중요 | E16: [검증필요: 법률번호·조문 원문 대조] | G16: 2026.2. 민법 개정의 법률번호·조문 원문 대조. 현재 근거가 "복수 로펌 출처"뿐. 골자 3가지(유류분 상실 사유 신설 / 기여 대가 증여의 산정 제외 / 가액 반환 원칙화)를 조문으로 확인. | H16: 03_상속의_민법_기초.md L97 | I16: 미확인 | O16: 3|L0097|1 | P16: 미확인
A17: 16 | B17: 3 | C17: 3.3 상속권 상실 제도 (민법 §1004의2) | D17: 🟡 중요 | E17: [검증필요: 상실자의 자녀 대습상속 처리 — 2026.2. 개정과 연동] | G17: 상실자의 자녀에 대한 대습상속 처리 — 2026.2. 개정과 연동해 확인. | H17: 03_상속의_민법_기초.md L99 | I17: 미확인 | O17: 3|L0099|1 | P17: 미확인
A18: 17 | B18: 3 | C18: 3.4 상속재산 분할 | D18: 🟢 보완 | E18: [검증필요 — 특별대리인 선임의 근거 조문·절차] | G18: 특별대리인 선임의 근거 조문·절차(미성년 상속인과 친권자의 이해상반). | H18: 03_상속의_민법_기초.md L113 | I18: 미확인 | O18: 3|L0113|1 | P18: 미확인
A19: 18 | B19: 3 | C19: 3.4 상속재산 분할 | D19: 🟡 중요 | E19: [검증필요 — 신고기한 내 재분할의 증여 제외 요건·근거 조문] | G19: 신고기한 내 재분할의 증여 제외 요건·근거 조문. 실무 조언의 근거가 되는 핵심 조문이므로 우선 확인. | H19: 03_상속의_민법_기초.md L119 | I19: 미확인 | O19: 3|L0119|1 | P19: 미확인
A20: 19 | B20: 3 | C20: 사례 3-3 | D20: ⚪ 표기 | E20: [검증필요] | G20: 사례 주석의 상호참조("산입 증여의 범위는 [검증필요] 항목입니다") → 실체는 3장 L91 | H20: 03_상속의_민법_기초.md L154 | I20: 해당없음 | N20: 표기 설명·상호참조 — 원문 조회 대상 아님. 마커를 지우지 말 것 | O20: 3|L0154|1 | P20: 해당없음
A21: 20 | B21: 3 | C21: 3.6 자주 묻는 질문 | D21: 🟢 보완 | E21: [검증필요 — 사실혼 배우자의 재산분할청구·이혼 소송 중 사망의 처리] | G21: 사실혼 배우자의 재산분할청구권 / 이혼 소송 중 사망의 처리. | H21: 03_상속의_민법_기초.md L187 | I21: 미확인 | O21: 3|L0187|1 | P21: 미확인
A22: 21 | B22: 3 | C22: 3.6 자주 묻는 질문 | D22: 🟡 중요 | E22: [검증필요 — 태아의 상속능력 근거 조문·출생 전 분할의 효력] | F22: 민법 §1000③ | G22: 태아의 상속능력 근거 조문(민법 §1000③ 추정)과 출생 전 분할의 효력. | H22: 03_상속의_민법_기초.md L190 | I22: 미확인 | O22: 3|L0190|1 | P22: 미확인
A23: 22 | B23: 3 | C23: 3.6 자주 묻는 질문 | D23: 🟡 중요 | E23: [검증필요 — 기여분의 근거 조문·산정 방식] | G23: 기여분의 근거 조문·산정 방식. ※ L46과 동일 쟁점. | H23: 03_상속의_민법_기초.md L193 | I23: 미확인 | N23: ※ L46과 동일 쟁점 | O23: 3|L0193|1 | P23: 미확인
A24: 23 | B24: 4 | C24: 4.2 납세의무자 (법 §3의2) | D24: 🟡 중요 | E24: [검증필요 — 제3조의2제2항 개정 전후 문언 대비, "지분상당액" 산정의 시행령 산식, 개정 법률 호수·공포일. law.go.kr 현행본 및 부칙 원문 1:1 대조 필요] | F24: §3의2 | G24: §3의2제2항 개정 전후 문언 대비, 개정 법률 호수·공포일. law.go.kr 현행본 및 부칙 원문 1:1 대조. (2026.1.1. 시행, 시행 이후 상속개시분 적용) | H24: 04_과세대상과_납세의무자.md L59 | I24: 미확인 | O24: 4|L0059|1 | P24: 미확인
A25: 24 | B25: 4 | C25: 4.2 납세의무자 | D25: 🟡 중요 | E25: [검증필요 — "받았거나 받을 재산"의 시행령상 정의 조문번호와 문언] | G25: 연대납부 한도의 "받았거나 받을 재산"의 시행령상 정의 조문번호와 문언. | H25: 04_과세대상과_납세의무자.md L71 | I25: 미확인 | O25: 4|L0071|1 | P25: 미확인
A26: 25 | B26: 4 | C26: 4.3 성립과 확정 | D26: 🟡 중요 | E26: [검증필요 — 납세의무 성립시기를 정한 국세기본법 조문번호·항호] | F26: 국기법 §21 | G26: 납세의무 성립시기를 정한 국세기본법 조문번호·항호(국기법 §21 추정). | H26: 04_과세대상과_납세의무자.md L79 | I26: 미확인 | O26: 4|L0079|1 | P26: 미확인
A27: 26 | B27: 4 | C27: 4.3 거주자 판정 | D27: 🔴 최우선 | E27: [검증필요: 원문 확인 전 확정 서술 금지] | G27: 2026년 귀속부터의 소득세법령 거주자 판정 개정("두 과세기간에 걸쳐 계속 183일 체류")이 상증세법 준용에 영향을 주는지. 원고에 "원문 확인 전 확정 서술 금지"로 명시됨 — 거주자 판정은 과세 범위 전체를 가르므로 최우선. ※ 13장 L50과 연동. | H27: 04_과세대상과_납세의무자.md L98 | I27: 미확인 | N27: ※ 13장 L50과 연동 | O27: 4|L0098|1 | P27: 미확인
A28: 27 | B28: 4 | C28: 4.5 자주 묻는 질문 | D28: 🟡 중요 | E28: [검증필요 — 상증세법상 실종선고 시 상속개시일 규정의 조문번호·문언, 민법상 사망 간주 시점과의 관계] | G28: 상증세법상 실종선고 시 상속개시일 규정의 조문번호·문언, 민법상 사망 간주 시점(실종기간 만료)과의 관계. 두 시점 사이에 수년의 간격이 생기고 적용 법령·평가기준일·합산 기산점을 한꺼번에 정하므로 실무 영향 큼. | H28: 04_과세대상과_납세의무자.md L158 | I28: 미확인 | O28: 4|L0158|1 | P28: 미확인
A29: 28 | B29: 4 | C29: 4.5 자주 묻는 질문 | D29: 🟡 중요 | E29: [검증필요 — 동시사망 추정의 민법 조문번호, 상속세 실무상 처리 근거] | F29: §30 | G29: 동시사망 추정의 민법 조문번호(§30 추정), 상속세 실무상 처리 근거. | H29: 04_과세대상과_납세의무자.md L161 | I29: 미확인 | O29: 4|L0161|1 | P29: 미확인
A30: 29 | B30: 4 | C30: 4.5 자주 묻는 질문 | D30: 🔴 최우선 | E30: [검증필요 — 지분상당액 산정 시행령 산식] | G30: 영리법인 주주 과세의 "지분상당액" 산정 시행령 산식. 세액을 직접 결정하는 산식. ※ L59와 함께 처리. | H30: 04_과세대상과_납세의무자.md L164 | I30: 미확인 | N30: ※ L59와 함께 처리 | O30: 4|L0164|1 | P30: 미확인
A31: 30 | B31: 5 | C31: 5.2 간주상속재산 3종 | D31: 🔴 최우선 | E31: [검증필요: 보험료 분담 시 안분 산식과 그 시행령 조항] | F31: 시행령 §4① | G31: 보험료 분담 시 안분 산식과 시행령 조항. → ✅ 검증 완료: 근거는 시행령 §4①(지급 보험금 총액 × 피상속인 부담 보험료 ÷ 사망 시까지 납입 보험료 총액). 출처 verify_상속재산_상속공제_원문대조.md 상속재산 6. 남은 작업은 원고 마커 삭제 + 출처 각주. | H31: 05_상속재산의_범위.md L54 | I31: 확인완료 | N31: verify_*.md 원문대조로 확정 — 남은 작업은 원고 마커 삭제 + 출처 각주 | O31: 5|L0054|1 | P31: 확인완료
A32: 31 | B32: 5 | C32: 5.2 간주상속재산 3종 | D32: 🟡 중요 | E32: [검증필요: §10 각 호 전체 열거 항목·근거 법률명 원문 대조] | F32: §10 | G32: §10 각 호 전체 열거 항목·근거 법률명 원문 대조. → 부분 확인: 제2·3호에 「공무원 재해보상법」·「군인 재해보상법」이 추가(2018.3.20)된 사실은 확정. 나머지 각 호의 전체 열거는 미확정 — 유지. | H32: 05_상속재산의_범위.md L58 | I32: 확인중 | N32: verify로 근거 일부 확보, 항목은 유지 | O32: 5|L0058|1 | P32: 확인중
A33: 32 | B33: 5 | C33: 5.3 추정상속재산 (법 §15) | D33: 🔴 최우선 | E33: [검증필요: 시행령 §11④ 축자 원문 1:1 대조 — 항·호 표기 포함] | F33: 시행령 §11④ · §11① · §11⑤ | G33: 시행령 §11④ 축자 원문 1:1 대조. → ✅ 검증 완료: 미소명액이 Min(처분·인출액×20%, 2억) 미만이면 전액 배제, 이상이면 그 적은 금액을 차감한 나머지 산입. 출처 동 파일 상속재산 3. 함께 확인: 3분류 근거는 §11①이 아니라 §11⑤이고 기타재산은 제4호(3호는 삭제). | H33: 05_상속재산의_범위.md L93 | I33: 확인완료 | N33: verify_*.md 원문대조로 확정 — 남은 작업은 원고 마커 삭제 + 출처 각주 | O33: 5|L0093|1 | P33: 확인완료
A34: 33 | B34: 5 | C34: 5.4 소명 실무 | D34: 🟢 보완 | E34: [검증필요: 조사 실무상 금융거래 조회의 기간·근거 규정] | F34: 법 §83 · 금융실명법 §4①2호 · §4⑥5호 · 사무처리규정 §36 | G34: 금융거래 조회의 기간·근거 규정. → 부분 확인: 근거 3단(법 §83 → 금융실명법 §4①2호·§4⑥5호 → 사무처리규정 §36)은 확정. "10년" 조회 관행의 법적 근거는 법령·훈령에 없음(실무 관행 추정) — 유지. 원고가 "10년"을 단정하지 않는지 확인. | H34: 05_상속재산의_범위.md L101 | I34: 확인중 | N34: verify로 근거 일부 확보, 항목은 유지 | O34: 5|L0101|1 | P34: 확인중
A35: 34 | B35: 5 | C35: 5.5 판례·사례 | D35: 🟢 보완 | E35: [검증필요: 판결 원문 대조] | G35: 사망 무렵 예금 대량 인출 사안의 판결 원문 대조(증명책임 배분 법리). 복수 출처 확인 상태. ※ 대법 94누15929는 단일 출처로 인용 배제 확정, 98두3075만 인용. | H35: 05_상속재산의_범위.md L130 | I35: 미확인 | N35: ※ 대법 94누15929는 단일 출처로 인용 배제 확정, 98두3075만 인용 | O35: 5|L0130|1 | P35: 미확인
A36: 35 | B36: 5 | C36: 5.5 사례 5-5 〔함정〕 | D36: 🔴 최우선 | E36: [검증필요: §15② 산입액 산정 방식의 시행령 원문 대조] | F36: §15② · 시행령 §11④ · 법 §15② · §11③ · §15① | G36: §15② 산입액 산정 방식의 시행령 원문 대조. → ✅ 검증 완료: 비금융기관 채무에는 20%/2억 차감이 없다. 시행령 §11④는 "제2항"만 인용하므로 법 §15②(국가·지자체·금융회사등이 아닌 자에 대한 채무 → 령 §11③)는 미입증금액 전액 산입. §15①과 혼동 금지. 출처 동 파일 상속재산 2. → 사례 5-5의 6,000만원 차이 서술은 이 확정으로 뒷받침됨. | H36: 05_상속재산의_범위.md L205 | I36: 확인완료 | N36: verify_*.md 원문대조로 확정 — 남은 작업은 원고 마커 삭제 + 출처 각주 | O36: 5|L0205|1 | P36: 확인완료
A37: 36 | B37: 5 | C37: 5.6 자주 묻는 질문 | D37: 🟢 보완 | E37: [검증필요: 저축성 보험의 보험차익 과세와 사망보험금의 경계] | F37: 시행령 §25① | G37: 저축성 보험 보험차익 과세와 사망보험금의 경계. → ✅ 검증 완료: 사망보험금은 소득세법상 이자소득 과세대상이 아니다(소득세법 시행령 §25①이 "저축성보험의 보험차익" 정의에서 사망·질병·상해로 받는 것을 배제). 출처 동 파일 상속재산 7. 잔여: 사망보험금 지연이자의 소득세 취급은 미확정. | H37: 05_상속재산의_범위.md L215 | I37: 확인완료 | N37: verify_*.md 원문대조로 확정 — 남은 작업은 원고 마커 삭제 + 출처 각주 | O37: 5|L0215|1 | P37: 확인완료
A38: 37 | B38: 6 | C38: 6.2 법령 근거 (법 §13·§28) | D38: 🟡 중요 | E38: [검증필요: §47① 합산배제증여재산의 구체적 열거 범위 — 재산취득 후 가치증가분·전환사채 이익·상장 이익 등의 조문번호 대조. 이 책의 검증 체크리스트에 이미 등재된 항목이다] | F38: §47① | G38: §47① 합산배제증여재산의 구체적 열거 범위 — 재산취득 후 가치증가분·전환사채 이익·상장 이익 등의 조문번호 대조. ※ 16장(유형별 증여)과 연동. | H38: 06_사전증여재산_합산.md L52 | I38: 미확인 | N38: ※ 16장(유형별 증여)과 연동 | O38: 6|L0052|1 | P38: 미확인
A39: 38 | B39: 6 | C39: 6.2 법령 근거 | D39: 🔴 최우선 | E39: [검증필요: 한도 규정의 항 번호와 산식 자구, 수증자가 상속인·수유자인 경우의 상속인별 안분 여부 — law.go.kr 현행본 대조] | F39: 법 §28 · §28② | G39: 증여세액공제 한도(법 §28)의 항 번호와 산식 자구, 수증자가 상속인·수유자인 경우의 상속인별 안분 여부. 사례 6-2·6-3의 계산 전제이자 "환급은 일어나지 않는다"는 결론의 근거. ※ 구 체크리스트의 "사례 9-2 §28② 안분한도" 항목이 여기로 통합됨. | H39: 06_사전증여재산_합산.md L62 | I39: 미확인 | N39: ※ 구 체크리스트의 "사례 9-2 §28② 안분한도" 항목이 여기로 통합됨 | O39: 6|L0062|1 | P39: 미확인
A40: 39 | B40: 6 | C40: 6.5 자주 묻는 질문 | D40: 🟡 중요 | E40: [검증필요: 상속인 지위 판정의 기준 시점 — law.go.kr 제13조 원문 및 국세청 해석 대조] | F40: §13 | G40: 상속인 지위 판정의 기준 시점(증여 시점 vs 상속개시 시점) — law.go.kr §13 원문 및 국세청 해석 대조. 5년/10년을 가르므로 실무 영향 큼. | H40: 06_사전증여재산_합산.md L221 | I40: 미확인 | O40: 6|L0221|1 | P40: 미확인
A41: 40 | B41: 7 | C41: 7.2 공제 3종 (법 §14) | D41: 🟢 보완 | E41: [검증필요 — 장례 직접 소요액의 세부 범위·집행기준 번호] | G41: 장례 직접 소요액의 세부 범위(묘지 구입비·비석 등)·집행기준 번호. | H41: 07_상속세_과세가액.md L60 | I41: 미확인 | O41: 7|L0060|1 | P41: 미확인
A42: 41 | B42: 7 | C42: 7.3 비과세·불산입 개요 | D42: 🔴 최우선 | E42: [검증필요: 세부 비율 현행 확인] | G42: 공익법인 출연 주식 보유한도 세부 비율(원칙 10%, 요건별 5·20%)의 현행 확인. ※ 26장 L27과 동일 쟁점 — 함께 처리. | H42: 07_상속세_과세가액.md L72 | I42: 미확인 | N42: ※ 26장 L27과 동일 쟁점 — 함께 처리 | O42: 7|L0072|1 | P42: 미확인
A43: 42 | B43: 7 | C43: 7.3 비과세·불산입 개요 | D43: 🟢 보완 | E43: [검증필요 — 채무 사후관리의 근거 규정·운영 주기] | F43: 법 §76⑤ | G43: 채무 사후관리의 근거 규정·운영 주기(상속재산 30억 이상 결정 후 5년 사후관리 — 법 §76⑤와의 관계). | H43: 07_상속세_과세가액.md L98 | I43: 미확인 | O43: 7|L0098|1 | P43: 미확인
A44: 43 | B44: 7 | C44: 7.3 비과세·불산입 개요 | D44: 🟢 보완 | E44: [검증필요 — 대납 병원비 관련 판례 사건번호] | G44: 대납 병원비 관련 판례 사건번호. | H44: 07_상속세_과세가액.md L100 | I44: 미확인 | O44: 7|L0100|1 | P44: 미확인
A45: 44 | B45: 7 | C45: 7.5 자주 묻는 질문 | D45: 🔴 최우선 | E45: [검증필요 — 감정평가수수료 등 별도 공제 규정의 유무·한도] | F45: §24 · §55① | G45: 감정평가수수료 등 별도 공제 규정의 유무·한도. 과세표준을 직접 줄이는 항목이므로 유무 자체를 확정할 것. ※ §24 종합한도에서 감정평가수수료(§55①)는 차감하지 않는다는 확정 사항(§3.2)과 혼동 금지. | H45: 07_상속세_과세가액.md L181 | I45: 미확인 | N45: ※ §24 종합한도에서 감정평가수수료(§55①)는 차감하지 않는다는 확정 사항(§3.2)과 혼동 금지 | O45: 7|L0181|1 | P45: 미확인
A46: 45 | B46: 8 | C46: 8.2 공제 항목별 요건 | D46: 🔴 최우선 | E46: [검증필요 — 연수 계산에서 1년 미만의 단수를 1년으로 보는 규정의 유무와 해당 조항] | G46: 연수 계산에서 1년 미만의 단수를 1년으로 보는 규정의 유무와 조항. 미성년자공제·장애인공제 금액을 직접 결정. | H46: 08_상속공제1_기초일괄인적.md L51 | I46: 미확인 | O46: 8|L0051|1 | P46: 미확인
A47: 46 | B47: 8 | C47: 8.2 공제 항목별 요건 | D47: 🟢 보완 | E47: [검증필요: 해당 유권해석 예규 번호] | F47: §21② | G47: §21② "배우자 단독 상속"을 좁게 보는 과세관청 해석의 예규 번호. | H47: 08_상속공제1_기초일괄인적.md L64 | I47: 미확인 | O47: 8|L0064|1 | P47: 미확인
A48: 47 | B48: 8 | C48: 8.4 배우자가 홀로 상속받을 때 | D48: 🟢 보완 | E48: [검증필요: 배우자 단독상속 일괄공제 배제 범위에 관한 예규 번호] | G48: 배우자 단독상속 일괄공제 배제 범위에 관한 예규 번호. ※ L64·9장 L105와 동일 쟁점 3건 — 한 번에 처리. 원고가 "자녀가 있으면 상속포기·협의분할 어느 쪽이든 일괄공제 5억은 살아 있다"는 실무 결론을 이 해석 위에 세우고 있어, 예규가 확인되지 않으면 결론의 강도를 낮춰야 한다. | H48: 08_상속공제1_기초일괄인적.md L121 | I48: 미확인 | N48: ※ L64·9장 L105와 동일 쟁점 3건 — 한 번에 처리. 원고가 "자녀가 있으면 상속포기·협의분할 어느 쪽이든 일괄공제 5억은 살아 있다"는 실무 결론을 이 해석 위에 세우고 있어, 예규가 확인되지 않으면 결론의 강도를 낮춰야 한다 | O48: 8|L0121|1 | P48: 미확인
A49: 48 | B49: 8 | C49: 8.7 자주 묻는 질문 | D49: 🟢 보완 | E49: [검증필요 — 손자녀에 대한 자녀공제 적용 여부를 다룬 국세청 해석·예규 번호] | G49: 손자녀에 대한 자녀공제 적용 여부를 다룬 국세청 해석·예규 번호. | H49: 08_상속공제1_기초일괄인적.md L279 | I49: 미확인 | O49: 8|L0279|1 | P49: 미확인
A50: 49 | B50: 8 | C50: 8.7 자주 묻는 질문 | D50: 🔴 최우선 | E50: [검증필요 — 태아의 미성년자공제 연수 산정 방법과 출생 사실 증명 절차] | G50: 태아의 미성년자공제 연수 산정 방법(공제액 직결)과 출생 사실 증명 절차. 태아 포함은 2023.1.1. 이후 상속개시분부터. | H50: 08_상속공제1_기초일괄인적.md L282 | I50: 미확인 | O50: 8|L0282|1 | P50: 미확인
A51: 50 | B51: 8 | C51: 8.7 자주 묻는 질문 | D51: 🟡 중요 | E51: [검증필요 — 장애인의 범위를 정한 시행령 조항 번호와 각 호 열거] | G51: 장애인의 범위를 정한 시행령 조항 번호와 각 호 열거. ※ 기대여명 통계표 작성 주체는 2025.10.1.부터 "국가데이터처장"으로 표기 — 원고 반영 확인. 사례의 기대여명(30·40·65년)은 가정값임이 본문에 명시됨(해소). | H51: 08_상속공제1_기초일괄인적.md L285 | I51: 미확인 | N51: ※ 기대여명 통계표 작성 주체는 2025.10.1.부터 "국가데이터처장"으로 표기 — 원고 반영 확인. 사례의 기대여명(30·40·65년)은 가정값임이 본문에 명시됨(해소) | O51: 8|L0285|1 | P51: 미확인
A52: 51 | B52: 8 | C52: 8.7 자주 묻는 질문 | D52: 🟢 보완 | E52: [검증필요 — 상속공제 선택의 사후 변경에 관한 국세청 해석·판례] | G52: 상속공제 선택의 사후 변경(경정청구 가부)에 관한 국세청 해석·판례. | H52: 08_상속공제1_기초일괄인적.md L291 | I52: 미확인 | O52: 8|L0291|1 | P52: 미확인
A53: 52 | B53: 9 | C53: 9.2 한도식의 해부 (법 §19) | D53: 🔴 최우선 | E53: [검증필요: 한도식의 법문 축자 원문 — law.go.kr 게재본이 이미지 수식이어서 구성요소만 복수 출처 확인. 법전 대조 권장] | F53: §19① | G53: §19①1 한도식 (A−B+C)×D−E의 법문 축자 원문. law.go.kr 게재본이 이미지 수식이어서 API로도 취득 불가 — 종이 법전 또는 관보로 대조. 구성요소는 복수 출처 일치. 이 장 전체 계산의 뿌리이므로 🔴 중에서도 최우선. | H53: 09_상속공제2_배우자상속공제.md L77 | I53: 미확인 | O53: 9|L0077|1 | P53: 미확인
A54: 53 | B54: 9 | C54: 9.2 한도식의 해부 | D54: 🟢 보완 | E54: [검증필요: 협의분할로 배우자가 전부 취득한 경우 일괄공제 선택 가부에 관한 예규 문서번호 — 조사 시점 미확정] | G54: 협의분할로 배우자가 전부 취득한 경우 일괄공제 선택 가부에 관한 예규 문서번호. ※ 8장 L64·L121과 동일 쟁점. | H54: 09_상속공제2_배우자상속공제.md L105 | I54: 미확인 | N54: ※ 8장 L64·L121과 동일 쟁점 | O54: 9|L0105|1 | P54: 미확인
A55: 54 | B55: 9 | C55: 9.3 분할 기한 | D55: 🟡 중요 | E55: [검증필요: 분할 사실의 신고 절차·부득이한 사유의 신고 요건과 그 시행령 위임 조항 번호 — 조사 자료 미수록] | G55: 분할 사실의 신고 절차·부득이한 사유의 신고 요건과 시행령 위임 조항 번호. 조사 자료 미수록. | H55: 09_상속공제2_배우자상속공제.md L151 | I55: 미확인 | O55: 9|L0151|1 | P55: 미확인
A56: 55 | B56: 9 | C56: 9.6 사례 9-5 〔함정〕 | D56: 🟡 중요 | E56: [검증필요: §19 제1항 제1호 B의 법문 축자 표현이 §24의 "선순위인 상속인이 아닌 자"와 같은지 — §19 한도식은 법문이 이미지 수식이어서 축자 대조 미완] | F56: §19① · §24 · §19 | G56: §19①1의 B가 §24의 "선순위인 상속인이 아닌 자"와 같은 표현인지. → 부분 확인: §24 쪽은 "선순위인 상속인이 아닌 자"로 원문 확정(출처 verify_상속재산_상속공제_원문대조.md 상속공제 3). §19 쪽은 이미지 수식이라 축자 대조 미완 — 유지. 선순위 상속인이 있는데 후순위 상속인에게 유증한 국면에서 두 조문의 결론이 갈릴 수 있음. | H56: 09_상속공제2_배우자상속공제.md L308 | I56: 확인중 | N56: verify로 근거 일부 확보, 항목은 유지 | O56: 9|L0308|1 | P56: 확인중
A57: 56 | B57: 9 | C57: 9.7 자주 묻는 질문 | D57: 🟡 중요 | E57: [검증필요: 혼인 기간 요건의 부존재를 법문으로 확인 — 조사 자료에는 요건으로 등재되어 있지 않음] | G57: 혼인 기간 요건의 부존재를 법문으로 확인(조사 자료에는 요건으로 등재되어 있지 않음). 부존재의 확인이라 2차 출처로는 닫히지 않음 — 조문 통독 필요. | H57: 09_상속공제2_배우자상속공제.md L321 | I57: 미확인 | O57: 9|L0321|1 | P57: 미확인
A58: 57 | B58: 9 | C58: 9.7 자주 묻는 질문 | D58: 🟢 보완 | E58: [검증필요: 법정상속분에 따른 공동상속등기가 §19②의 "분할"에 해당하는지에 관한 예규·판례] | F58: §19② | G58: 법정상속분에 따른 공동상속등기가 §19②의 "분할"에 해당하는지에 관한 예규·판례. | H58: 09_상속공제2_배우자상속공제.md L324 | I58: 미확인 | O58: 9|L0324|1 | P58: 미확인
A59: 58 | B59: 10 | C59: 10.2 금융재산상속공제 (§22) | D59: 🟡 중요 | E59: [검증필요 — 포함 항목의 시행령 열거 자구와 조항 번호, 금융회사를 거치지 않은 보유 현금·대여금의 취급] | F59: 시행령 §19① · 법 §22② · §22 | G59: 포함 항목의 시행령 열거 자구와 조항 번호, 금융회사를 거치지 않은 보유 현금·대여금의 취급. → 부분 확인: 범위 근거는 시행령 §19①으로 확정, 제외는 법 §22②(최대주주 주식·미신고 차명 금융재산). 각 호 열거 자구와 현금·대여금 취급은 미확정 — 유지. 잔여: §22의 2015.12.15. 개정 내용 / 금융채무 정의 조항 번호 / "유증등"의 법정 정의 조항. | H59: 10_상속공제3_금융재산_동거주택.md L54 | I59: 확인중 | N59: verify로 근거 일부 확보, 항목은 유지 | O59: 10|L0054|1 | P59: 확인중
A60: 59 | B60: 10 | C60: 10.3 동거주택상속공제 (§23의2) | D60: 🟢 보완 | E60: [검증필요: 상급심 확정 여부] | F60: 2020구합72119 | G60: 서울행정법원 2020구합72119의 상급심 확정 여부. | H60: 10_상속공제3_금융재산_동거주택.md L95 | I60: 미확인 | O60: 10|L0095|1 | P60: 미확인
A61: 60 | B61: 10 | C61: 10.8 자주 묻는 질문 | D61: 🟢 보완 | E61: [검증필요 — 지분 상속 시 공제액 안분에 관한 국세청 해석·예규] | F61: 사전-2023-법규재산-0247 · 사전-2025-법규재산-0190 | G61: 동거주택 지분 상속 시 공제액 안분에 관한 국세청 해석·예규. → 부분 확인: 요건 충족 상속인의 지분상당액만 공제된다는 결론과 예규 2건(사전-2023-법규재산-0247, 사전-2025-법규재산-0190)은 확보. 단 2차 출처 경유 — 국세법령정보시스템 원문 대조 미실시. ※ 2장 L50과 동일 예규. | H61: 10_상속공제3_금융재산_동거주택.md L249 | I61: 확인중 | N61: verify로 근거 일부 확보, 항목은 유지 / ※ 2장 L50과 동일 예규 | O61: 10|L0249|1 | P61: 확인중
A62: 61 | B62: 11 | C62: 11.2 3중 요건 (법 §18의2) | D62: 🟡 중요 | E62: [검증필요: 시행령 §15의 사업무관자산 열거 항·호 번호, 과다보유 현금의 판정 기준 — law.go.kr 현행본 대조] | F62: 시행령 §15 | G62: 시행령 §15의 사업무관자산 열거 항·호 번호, 과다보유 현금의 판정 기준. | H62: 11_가업상속공제_영농상속공제.md L57 | I62: 미확인 | O62: 11|L0057|1 | P62: 미확인
A63: 62 | B63: 11 | C63: 11.4 영농상속공제 (법 §18의3) | D63: 🔴 최우선 | E63: [검증필요: 8년·2년 조문 자구 — 2차 출처 확인 상태] | G63: 피상속인 8년·상속인 2년 요건의 조문 자구. 현재 2차 출처 확인 상태. 요건 연수를 틀리면 적용 여부 자체가 뒤집힘. ※ 한도 30억(2023년 20억→30억 상향)도 함께 확인. | H63: 11_가업상속공제_영농상속공제.md L103 | I63: 미확인 | N63: ※ 한도 30억(2023년 20억→30억 상향)도 함께 확인 | O63: 11|L0103|1 | P63: 미확인
A64: 63 | B64: 11 | C64: 11.6 자주 묻는 질문 | D64: 🟡 중요 | E64: [검증필요: 중분류 기준과 심의 절차의 현행 시행령 문언] | G64: 업종 변경 시 중분류 기준과 심의 절차의 현행 시행령 문언. | H64: 11_가업상속공제_영농상속공제.md L182 | I64: 미확인 | O64: 11|L0182|1 | P64: 미확인
A65: 64 | B65: 11 | C65: 11.6 자주 묻는 질문 | D65: 🟡 중요 | E65: [검증필요: 공동 가업승계의 인정 요건·지분 산정 방법 — 상증세법 시행령 §15 현행본 대조] | F65: 시행령 §15 | G65: 공동 가업승계의 인정 요건·지분 산정 방법(시행령 §15 현행본). | H65: 11_가업상속공제_영농상속공제.md L185 | I65: 미확인 | O65: 11|L0185|1 | P65: 미확인
A66: 65 | B66: 11 | C66: 11.7 개정 예고 | D66: 🟡 중요 | E66: [검증필요: 조문별 확정 내용·경과규정·최종 시행일 — 국회 통과 후 law.go.kr 현행본 재확인] | G66: 2026 세제개편안의 조문별 확정 내용·경과규정·최종 시행일 — 국회 통과 후 재확인. (보도된 방향: 경영기간 요건 강화, 한도 1,000억, 사후관리 5년→10년, 적용 2027.7.1. 이후) 현행법 아님이 본문에 명시되어 있는지 확인. | H66: 11_가업상속공제_영농상속공제.md L209 | I66: 미확인 | O66: 11|L0209|1 | P66: 미확인
A67: 66 | B67: 12 | C67: 12.3 계산의 순서 | D67: 🔴 최우선 | E67: [검증필요: 10단계 표 축자 원문] | F67: 법 §30 | G67: 단기재상속 세액공제(법 §30) 10단계 체감표의 축자 원문. 1년 이내 100%에서 매년 10%p씩 체감하여 10년 이내 10% — 체감 구조는 복수 출처 일치하나 표 자체를 원문으로 대조. | H67: 12_세율과_세액_계산.md L80 | I67: 미확인 | O67: 12|L0080|1 | P67: 미확인
A68: 67 | B68: 12 | C68: 12.3 계산의 순서 | D68: 🔴 최우선 | E68: [검증필요: §69① 본문의 "산출세액"이 §27 할증액을 포함한다는 점의 축자 원문 대조] | F68: §69① · §27 | G68: §69① 본문의 "산출세액"이 §27 세대생략 할증액을 포함한다는 점의 축자 원문 대조. 사례 12-3·12-5의 검산 전제이며, 신고세액공제 3%의 기초를 결정한다. §69①은 "공제·감면되는 금액을 뺀 금액"의 3%라는 점도 함께 확인. | H68: 12_세율과_세액_계산.md L83 | I68: 미확인 | O68: 12|L0083|1 | P68: 미확인
A69: 68 | B69: 13 | C69: 13.2 거주자 판정 | D69: 🔴 최우선 | E69: [검증필요: 거소기간 계산의 산입 방식·일시 출국 처리 조문 — 소득세법 시행령 원문 대조] | G69: 거소기간 계산의 산입 방식·일시 출국 처리 조문(소득세법 시행령 원문). 183일 판정이 과세 범위 전체를 가른다. ※ 4장 L98과 연동. | H69: 13_비거주자와_국제상속.md L50 | I69: 미확인 | N69: ※ 4장 L98과 연동 | O69: 13|L0050|1 | P69: 미확인
A70: 69 | B70: 13 | C70: 13.2 거주자 판정 | D70: 🟡 중요 | E70: [검증필요: 한·미 조세조약의 거주자 판정 조항 번호와 축자 순서 — 조약 원문 대조] | G70: 한·미 조세조약의 거주자 판정(tie-breaker) 조항 번호와 축자 순서 — 조약 원문 대조. 원고는 ①항구적 주거 ②중대한 이해관계의 중심지 ③일상적 거소 ④국적 ⑤상호합의 순으로 서술. | H70: 13_비거주자와_국제상속.md L52 | I70: 미확인 | O70: 13|L0052|1 | P70: 미확인
A71: 70 | B71: 13 | C71: 13.3 법령 근거 | D71: 🔴 최우선 | E71: [검증필요: §53 증여재산공제의 "거주자" 요건 유무 — 원문 대조] | F71: §53 | G71: §53 증여재산공제의 "거주자" 요건 유무. 비거주자 수증자에게 공제가 열리는지 여부는 세액을 직접 결정. ※ 15장과 연동. | H71: 13_비거주자와_국제상속.md L71 | I71: 미확인 | N71: ※ 15장과 연동 | O71: 13|L0071|1 | P71: 미확인
A72: 71 | B72: 13 | C72: 13.3 법령 근거 | D72: 🟡 중요 | E72: [검증필요: 법문 자구의 주어 범위("상속인 전원" 여부) — 원문 대조] | F72: §67④ | G72: §67④ 법문 자구의 주어 범위 — "피상속인이나 상속인이 외국에 주소를 둔 경우"에서 상속인 전원인지 일부인지. 9개월/6개월을 가른다. | H72: 13_비거주자와_국제상속.md L73 | I72: 미확인 | O72: 13|L0073|1 | P72: 미확인
A73: 72 | B73: 13 | C73: 13.3 법령 근거 | D73: 🟡 중요 | E73: [검증필요: 비거주자 사망 시 과세관할 규정의 조문·항 번호 — 원문 대조] | G73: 비거주자 사망 시 과세관할 규정의 조문·항 번호. | H73: 13_비거주자와_국제상속.md L75 | I73: 미확인 | O73: 13|L0075|1 | P73: 미확인
A74: 73 | B74: 13 | C74: 13.3 법령 근거 | D74: 🟢 보완 | E74: [검증필요: 한국의 상속세 조약 체결국 전수 — 한미 간 부존재만 확정] | G74: 한국의 상속세 조약 체결국 전수. 한미 간 부존재만 확정. 전수를 확정하지 못하면 "미국과는 없다"까지만 쓰고 다른 나라로 일반화하지 말 것. | H74: 13_비거주자와_국제상속.md L87 | I74: 미확인 | O74: 13|L0087|1 | P74: 미확인
A75: 74 | B75: 13 | C75: 13.3 법령 근거 | D75: 🟢 보완 | E75: [검증필요: 미국 유산세의 통합공제액·비거주 외국인 면제액 — 현지 자격사 확인 사항] | G75: 미국 유산세의 통합공제액·비거주 외국인 면제액. 현지 자격사 확인 사항 — 원고는 구체 수치를 인용하지 않는 방침. 이 방침이 유지되는지만 확인(수치가 새로 들어갔으면 삭제). | H75: 13_비거주자와_국제상속.md L89 | I75: 미확인 | O75: 13|L0089|1 | P75: 미확인
A76: 75 | B76: 13 | C76: 13.3 법령 근거 | D76: 🔴 최우선 | E76: [검증필요: 미신고 과태료율 구간·형사처벌 및 명단공개 기준금액 — 국조법 원문 대조] | G76: 해외금융계좌 미신고 과태료율 구간·형사처벌 및 명단공개 기준금액(국제조세조정법 원문). 신고 기준 5억원 초과와 함께 확인. | H76: 13_비거주자와_국제상속.md L91 | I76: 미확인 | O76: 13|L0091|1 | P76: 미확인
A77: 76 | B77: 13 | C77: 13.3 법령 근거 | D77: 🔴 최우선 | E77: [검증필요: 국외전출세의 대상자 요건·세율·신고납부 시기 — 소득세법 원문 대조] | G77: 국외전출세의 대상자 요건·세율·신고납부 시기(소득세법 원문). | H77: 13_비거주자와_국제상속.md L95 | I77: 미확인 | O77: 13|L0095|1 | P77: 미확인
A78: 77 | B78: 13 | C78: 13.4 실무 절차 | D78: 🟡 중요 | E78: [검증필요: 외국납부세액 확정 지연 시의 경정청구 근거·기간] | F78: §29 | G78: 외국납부세액(§29) 확정 지연 시의 경정청구 근거·기간. 신고기한 9개월 내 현지 절차가 끝나지 않는 실무 국면의 해법이므로 근거를 특정할 것. | H78: 13_비거주자와_국제상속.md L115 | I78: 미확인 | O78: 13|L0115|1 | P78: 미확인
A79: 78 | B79: 14 | C79: 14.2 누가, 어디까지 내는가 (법 §4의2) | D79: 🟡 중요 | E79: [검증필요: 국조법 §35 각 항·호 축자 문구 — law.go.kr 원문 대조 필요] | F79: 국조법 §35 | G79: 국조법 §35 각 항·호 축자 문구 — law.go.kr 원문 대조. (거주자가 비거주자에게 국외 재산 증여 시 증여자 납세의무, 면제 요건 2가지) | H79: 14_증여세_과세대상과_납세의무자.md L32 | I79: 미확인 | O79: 14|L0032|1 | P79: 미확인
A80: 79 | B80: 14 | C80: 14.5 자주 묻는 질문 | D80: 🟢 보완 | E80: [검증필요: 위자료의 증여세·양도소득세 취급 — 판례·예규 원문 대조] | F80: 대법원 1998.2.13. | G80: 위자료의 증여세·양도소득세 취급 — 판례·예규 원문 대조. 재산분할은 대법원 1998.2.13. 96누14401로 확인됨(법제처 「찾기쉬운 생활법령정보」). ※ 27장과 연동. | H80: 14_증여세_과세대상과_납세의무자.md L107 | I80: 미확인 | N80: ※ 27장과 연동 | O80: 14|L0107|1 | P80: 미확인
A81: 80 | B81: 14 | C81: 14.5 자주 묻는 질문 | D81: 🟡 중요 | E81: [검증필요: 시행령 §35 항·호 구조와 "해당 용도에 직접 지출" 문구 축자, 혼수·축의금 귀속 관련 국세청 집행기준 원문] | F81: 시행령 §35 | G81: 시행령 §35의 항·호 구조와 "해당 용도에 직접 지출" 문구 축자, 혼수·축의금 귀속 관련 국세청 집행기준 원문. | H81: 14_증여세_과세대상과_납세의무자.md L113 | I81: 미확인 | O81: 14|L0113|1 | P81: 미확인
A82: 81 | B82: 15 | C82: 15.2 두 개의 10년 (법 §53·§47②) | D82: 🟡 중요 | E82: [검증필요: 조문 항번호, 시행령이 열거한 "부득이한 사유"의 구체 항목, 특례가 금전에도 적용되는지] | G82: 혼인·출산 증여공제 반환 특례의 조문 항번호, 시행령이 열거한 "부득이한 사유"의 구체 항목, 특례가 금전에도 적용되는지. ※ L176과 동일 쟁점 — 함께 처리. 일반 반환 규정은 금전을 제외하므로 현금 결혼자금이 가장 위험하다는 원고의 결론이 여기 걸려 있다. | H82: 15_증여재산공제.md L70 | I82: 미확인 | N82: ※ L176과 동일 쟁점 — 함께 처리. 일반 반환 규정은 금전을 제외하므로 현금 결혼자금이 가장 위험하다는 원고의 결론이 여기 걸려 있다 | O82: 15|L0070|1 | P82: 미확인
A83: 82 | B83: 15 | C83: 15.2 두 개의 10년 | D83: 🟡 중요 | E83: [검증필요: 근거 시행령 조문·항번호] | G83: 순차 공제·동시 증여 시 안분 공제의 근거 시행령 조문·항번호. 현재 국세청 안내 기준. ※ 구 체크리스트의 "령§26 항번호 배치"가 여기로 통합됨. | H83: 15_증여재산공제.md L75 | I83: 미확인 | N83: ※ 구 체크리스트의 "령§26 항번호 배치"가 여기로 통합됨 | O83: 15|L0075|1 | P83: 미확인
A84: 83 | B84: 15 | C84: 15.2 두 개의 10년 | D84: 🟡 중요 | E84: [검증필요: 증여세 세대생략 할증의 조문번호] | F84: §27 | G84: 증여세 세대생략 할증의 조문번호(상속세 §27에 대응하는 증여세 조항). 30%·미성년자 20억 초과 40%·최근친 직계비속 예외. | H84: 15_증여재산공제.md L78 | I84: 미확인 | O84: 15|L0078|1 | P84: 미확인
A85: 84 | B85: 15 | C85: 15.5 자주 묻는 질문 | D85: 🟢 보완 | E85: [검증필요: 근거 예규의 문서번호 특정] | G85: 계부·계모 관련 근거 예규의 문서번호 특정(친아버지 사망 후 재혼하지 않은 계모 = 기타친족 1,000만원이라는 실무 해석). | H85: 15_증여재산공제.md L173 | I85: 미확인 | O85: 15|L0173|1 | P85: 미확인
A86: 85 | B86: 15 | C86: 15.5 자주 묻는 질문 | D86: 🟡 중요 | E86: [검증필요: 시행령의 "부득이한 사유" 열거 항목] | G86: 시행령의 "부득이한 사유" 열거 항목 — 단순 변심·파혼이 포함되는지. ※ L70과 동일 쟁점. | H86: 15_증여재산공제.md L176 | I86: 미확인 | N86: ※ L70과 동일 쟁점 | O86: 15|L0176|1 | P86: 미확인
A87: 86 | B87: 16 | C87: 16.2 유형별 요건과 산식 | D87: 🟢 보완 | E87: [검증필요 — 인정 사례] | G87: 저가·고가 양도의 '정당한 사유'(급매·소송 등) 인정 사례. 비특수관계인 간에만 따진다는 점은 원고에 정리됨. | H87: 16_유형별_증여.md L26 | I87: 미확인 | O87: 16|L0026|1 | P87: 미확인
A88: 87 | B88: 16 | C88: 16.2 유형별 요건과 산식 | D88: 🔴 최우선 | E88: [검증필요 — 령§27의 2%·현가계수 근거 항번호] | F88: 시행령 §27 | G88: 시행령 §27의 2%(적정이자율 성격)·현가계수 근거 항번호. 5년 현가계수 3.79079 → 가액의 약 7.58%가 개시 시점에 일시 증여재산가액이 된다는 계산의 뿌리. | H88: 16_유형별_증여.md L34 | I88: 미확인 | O88: 16|L0034|1 | P88: 미확인
A89: 88 | B89: 16 | C89: 16.3 실무 절차 | D89: 🔴 최우선 | E89: [검증필요 — 부인 기준의 구체 수치] | G89: 양도소득세 부당행위계산 부인 기준의 구체 수치(시가 5% 기준). 증여세가 안 나와도 양도세가 시가로 재계산되는 국면. ※ 27장 L69와 연동. | H89: 16_유형별_증여.md L62 | I89: 미확인 | N89: ※ 27장 L69와 연동 | O89: 16|L0062|1 | P89: 미확인
A90: 89 | B90: 16 | C90: 16.4 판례·심판례 | D90: 🟢 보완 | E90: [검증필요 — 사실관계 세부·인용 조문은 2차 출처 기반, 원문 대조 요] | G90: 조심 2025.3.21. 2024중5770의 사실관계 세부·인용 조문이 2차 출처 기반 — 원문 대조. 심판원 결정은 법원 판결이 아니므로 "행동 예측치"로 읽어야 한다는 서술이 유지되는지 확인. | H90: 16_유형별_증여.md L75 | I90: 미확인 | O90: 16|L0075|1 | P90: 미확인
A91: 90 | B91: 17 | C91: 17.2 법령 근거 (법 §47) | D91: 🟢 보완 | E91: [검증필요: 해명자료 안내 서식 명칭·사후관리 주기의 국세청 원문] | G91: 인수 채무의 해명자료 안내 서식 명칭·사후관리 주기의 국세청 원문. | H91: 17_부담부증여.md L43 | I91: 미확인 | O91: 17|L0043|1 | P91: 미확인
A92: 91 | B92: 17 | C92: 17.3 실익 판단 4요소 | D92: 🔴 최우선 | E92: [검증필요: 조정지역 범위 2025.10 대책 이후] | G92: 조정대상지역 범위(2025.10 대책 이후). 취득세 12% 중과 적용 여부를 가른다. ※ L64·27장 L31과 동일 사실 3건 — 한 번에 처리. | H92: 17_부담부증여.md L51 | I92: 미확인 | N92: ※ L64·27장 L31과 동일 사실 3건 — 한 번에 처리 | O92: 17|L0051|1 | P92: 미확인
A93: 92 | B93: 17 | C93: 17.3 실익 판단 4요소 | D93: 🔴 최우선 | E93: [검증필요: 조정대상지역 최신 지정 범위, 중과 유예 종료 후 보완조치(토지거래허가 관련)의 적용 범위] | G93: 조정대상지역 최신 지정 범위(2025.10.15. 대책으로 서울 전 자치구·경기 일부 확대), 중과 유예 종료(2026.5.9.) 후 보완조치(토지거래허가 관련)의 적용 범위. 양도세 중과 +20%p/+30%p와 장기보유특별공제 배제가 걸려 유불리 계산이 통째로 뒤집히는 지점. | H93: 17_부담부증여.md L64 | I93: 미확인 | O93: 17|L0064|1 | P93: 미확인
A94: 93 | B94: 17 | C94: 17.3 실익 판단 4요소 | D94: 🟡 중요 | E94: [검증필요: 지방세법상 3요건 조문·1세대1주택 예외 규정 원문 대조] | G94: 지방세법상 12% 중과 3요건 조문·1세대1주택 예외 규정 원문 대조(①조정대상지역 주택 ②시가표준액 3억 이상 ③증여자가 다주택자). | H94: 17_부담부증여.md L66 | I94: 미확인 | O94: 17|L0066|1 | P94: 미확인
A95: 94 | B95: 17 | C95: 17.6 핵심 체크리스트 | D95: ⚪ 표기 | E95: [검증필요] | G95: 출처 주석("취득세율·조정대상지역 범위는 지방세법 영역으로 [검증필요] 유지") → 실체는 17장 L51·L64·L66 | H95: 17_부담부증여.md L162 | I95: 해당없음 | N95: 표기 설명·상호참조 — 원문 조회 대상 아님. 마커를 지우지 말 것 | O95: 17|L0162|1 | P95: 해당없음
A96: 95 | B96: 18 | C96: 18.2 추정 2종 | D96: 🔴 최우선 | E96: [검증필요: 최신 개정 확인] | F96: 사무처리규정 §42 · 훈령 제2760호 | G96: 사무처리규정 §42 증여추정 배제기준표의 최신 개정 확인(30세 이상 총 2억, 40세 이상 총 4억 등 — 10년 합산). 훈령은 개정이 잦다. 훈령 제2760호(2026.8.3. 시행) 기준으로 재확인. ※ 원고의 "기준 이내라도 증여 사실이 확인되면 과세된다"는 단서가 유지되는지 확인. | H96: 18_증여추정과_증여의제.md L53 | I96: 미확인 | N96: ※ 원고의 "기준 이내라도 증여 사실이 확인되면 과세된다"는 단서가 유지되는지 확인 | O96: 18|L0053|1 | P96: 미확인
A97: 96 | B97: 18 | C97: 18.3 의제 3종 | D97: 🔴 최우선 | E97: [검증필요: §45의5 1억 기준 조문] | F97: §45의5 | G97: §45의5 특정법인 거래 이익 1억 기준의 조문 근거. | H97: 18_증여추정과_증여의제.md L61 | I97: 미확인 | O97: 18|L0061|1 | P97: 미확인
A98: 97 | B98: 18 | C98: 18.4 자금출처조사 대응 | D98: 🟢 보완 | E98: [검증필요: 위 항목·서류 목록의 국세청 공식 근거 문서(사무처리규정 별지·안내문 서식) 대조] | G98: 소명 항목·서류 목록의 국세청 공식 근거 문서(사무처리규정 별지·안내문 서식) 대조. | H98: 18_증여추정과_증여의제.md L87 | I98: 미확인 | O98: 18|L0087|1 | P98: 미확인
A99: 98 | B99: 18 | C99: 18.4 자금출처조사 대응 | D99: 🟢 보완 | E99: [검증필요: PCI 시스템의 공식 명칭·운영 근거·현행 운영 여부] | G99: PCI 시스템의 공식 명칭·운영 근거·현행 운영 여부. 확정 못하면 "~로 알려져 있다" 수준 유지. | H99: 18_증여추정과_증여의제.md L97 | I99: 미확인 | O99: 18|L0097|1 | P99: 미확인
A100: 99 | B100: 18 | C100: 18.5 사례 18-1 | D100: 🔴 최우선 | E100: [검증필요: 추정 시 과세 대상이 미입증액 전액인지 여부 — 조문 확인] | F100: §15② | G100: 추정 발동 시 과세 대상이 미입증액 전액인지 여부 — 조문 확인. 사례의 세액 결론이 여기에 달려 있다. ※ 5장의 §15② 확정(전액 산입)과 구조가 유사하나 조문이 다르므로 별도 확인 필요. | H100: 18_증여추정과_증여의제.md L112 | I100: 미확인 | N100: ※ 5장의 §15② 확정(전액 산입)과 구조가 유사하나 조문이 다르므로 별도 확인 필요 | O100: 18|L0112|1 | P100: 미확인
...

Sheet ② 요약
A1: 원문 대조 진행 현황
A2: 상태 열(① 작업표 I열)을 채우면 아래 수치·진행률이 자동으로 갱신된다.
A4: ■ 전체
A5: 총 등재 건수 | C5: =COUNTA('① 작업표'!$A$2:$A$2000)
A6: 확인완료 | C6: =COUNTIF('① 작업표'!$I$2:$I$2000,"확인완료")
A7: 확인중 | C7: =COUNTIF('① 작업표'!$I$2:$I$2000,"확인중")
A8: 미확인 | C8: =COUNTIF('① 작업표'!$I$2:$I$2000,"미확인")
A9: 수정필요 | C9: =COUNTIF('① 작업표'!$I$2:$I$2000,"수정필요")
A10: 해당없음(표기용) | C10: =COUNTIF('① 작업표'!$I$2:$I$2000,"해당없음")
A11: 전체 진행률 | C11: =IFERROR(COUNTIF('① 작업표'!$I$2:$I$2000,"확인완료")/(COUNTA('① 작업표'!$A$2:$A$2000)-COUNTIF('① 작업표'!$I$2:$I$2000,"해당없음")),"") | J11: 분모는 ⚪ 표기용 10건을 뺀 실제 검증 대상 기준
A12: 🔴 최우선 진행률 | C12: =IFERROR(COUNTIFS('① 작업표'!$D$2:$D$2000,"🔴 최우선",'① 작업표'!$I$2:$I$2000,"확인완료")/COUNTIF('① 작업표'!$D$2:$D$2000,"🔴 최우선"),"") | J12: 🔴은 어떤 경우에도 미해소 상태로 출판하지 말 것 (체크리스트 §0.2)
A14: ■ 우선순위별
A15: 우선순위 | B15: 기준 — 틀렸을 때의 결과 | C15: 등재 | D15: 확인완료 | E15: 확인중 | F15: 미확인 | G15: 수정필요 | H15: 해당없음 | I15: 진행률
A16: 🔴 최우선 | B16: 금액·세율·한도·비율·요건 연수·산식 — 세액이 틀어진다 | C16: =COUNTIF('① 작업표'!$D$2:$D$2000,"🔴 최우선") | D16: =COUNTIFS('① 작업표'!$D$2:$D$2000,"🔴 최우선",'① 작업표'!$I$2:$I$2000,"확인완료") | E16: =COUNTIFS('① 작업표'!$D$2:$D$2000,"🔴 최우선",'① 작업표'!$I$2:$I$2000,"확인중") | F16: =COUNTIFS('① 작업표'!$D$2:$D$2000,"🔴 최우선",'① 작업표'!$I$2:$I$2000,"미확인") | G16: =COUNTIFS('① 작업표'!$D$2:$D$2000,"🔴 최우선",'① 작업표'!$I$2:$I$2000,"수정필요") | H16: =COUNTIFS('① 작업표'!$D$2:$D$2000,"🔴 최우선",'① 작업표'!$I$2:$I$2000,"해당없음") | I16: =IFERROR(D16/(C16-H16),"")
A17: 🟡 중요 | B17: 조문번호·항·호 배치, 법문 축자 표현, 준용 관계 — 인용이 틀린다 | C17: =COUNTIF('① 작업표'!$D$2:$D$2000,"🟡 중요") | D17: =COUNTIFS('① 작업표'!$D$2:$D$2000,"🟡 중요",'① 작업표'!$I$2:$I$2000,"확인완료") | E17: =COUNTIFS('① 작업표'!$D$2:$D$2000,"🟡 중요",'① 작업표'!$I$2:$I$2000,"확인중") | F17: =COUNTIFS('① 작업표'!$D$2:$D$2000,"🟡 중요",'① 작업표'!$I$2:$I$2000,"미확인") | G17: =COUNTIFS('① 작업표'!$D$2:$D$2000,"🟡 중요",'① 작업표'!$I$2:$I$2000,"수정필요") | H17: =COUNTIFS('① 작업표'!$D$2:$D$2000,"🟡 중요",'① 작업표'!$I$2:$I$2000,"해당없음") | I17: =IFERROR(D17/(C17-H17),"")
A18: 🟢 보완 | B18: 예규·판례 사건번호, 서식 명칭, 절차·통계 — 신뢰도가 깎인다 | C18: =COUNTIF('① 작업표'!$D$2:$D$2000,"🟢 보완") | D18: =COUNTIFS('① 작업표'!$D$2:$D$2000,"🟢 보완",'① 작업표'!$I$2:$I$2000,"확인완료") | E18: =COUNTIFS('① 작업표'!$D$2:$D$2000,"🟢 보완",'① 작업표'!$I$2:$I$2000,"확인중") | F18: =COUNTIFS('① 작업표'!$D$2:$D$2000,"🟢 보완",'① 작업표'!$I$2:$I$2000,"미확인") | G18: =COUNTIFS('① 작업표'!$D$2:$D$2000,"🟢 보완",'① 작업표'!$I$2:$I$2000,"수정필요") | H18: =COUNTIFS('① 작업표'!$D$2:$D$2000,"🟢 보완",'① 작업표'!$I$2:$I$2000,"해당없음") | I18: =IFERROR(D18/(C18-H18),"")
A19: ⚪ 표기 | B19: 표기 설명·상호참조 — 원문 조회 대상이 아니며 마커를 지우지 말 것 | C19: =COUNTIF('① 작업표'!$D$2:$D$2000,"⚪ 표기") | D19: =COUNTIFS('① 작업표'!$D$2:$D$2000,"⚪ 표기",'① 작업표'!$I$2:$I$2000,"확인완료") | E19: =COUNTIFS('① 작업표'!$D$2:$D$2000,"⚪ 표기",'① 작업표'!$I$2:$I$2000,"확인중") | F19: =COUNTIFS('① 작업표'!$D$2:$D$2000,"⚪ 표기",'① 작업표'!$I$2:$I$2000,"미확인") | G19: =COUNTIFS('① 작업표'!$D$2:$D$2000,"⚪ 표기",'① 작업표'!$I$2:$I$2000,"수정필요") | H19: =COUNTIFS('① 작업표'!$D$2:$D$2000,"⚪ 표기",'① 작업표'!$I$2:$I$2000,"해당없음") | I19: =IFERROR(D19/(C19-H19),"")
A21: ■ 장별
A22: 장 | B22: 제목(약칭) | C22: 마커 | D22: 🔴 | E22: 🟡 | F22: 🟢 | G22: ⚪ | H22: 확인완료 | I22: 진행률 | J22: 집중 검증 권고
A23: 1 | B23: 상속·증여와 세금 전체 그림 | C23: =COUNTIF('① 작업표'!$B$2:$B$2000,1) | D23: =COUNTIFS('① 작업표'!$B$2:$B$2000,1,'① 작업표'!$D$2:$D$2000,"🔴 최우선") | E23: =COUNTIFS('① 작업표'!$B$2:$B$2000,1,'① 작업표'!$D$2:$D$2000,"🟡 중요") | F23: =COUNTIFS('① 작업표'!$B$2:$B$2000,1,'① 작업표'!$D$2:$D$2000,"🟢 보완") | G23: =COUNTIFS('① 작업표'!$B$2:$B$2000,1,'① 작업표'!$D$2:$D$2000,"⚪ 표기") | H23: =COUNTIFS('① 작업표'!$B$2:$B$2000,1,'① 작업표'!$I$2:$I$2000,"확인완료") | I23: =IFERROR(H23/(C23-G23),"")
A24: 2 | B24: 상증세법의 구조와 법령체계 | C24: =COUNTIF('① 작업표'!$B$2:$B$2000,2) | D24: =COUNTIFS('① 작업표'!$B$2:$B$2000,2,'① 작업표'!$D$2:$D$2000,"🔴 최우선") | E24: =COUNTIFS('① 작업표'!$B$2:$B$2000,2,'① 작업표'!$D$2:$D$2000,"🟡 중요") | F24: =COUNTIFS('① 작업표'!$B$2:$B$2000,2,'① 작업표'!$D$2:$D$2000,"🟢 보완") | G24: =COUNTIFS('① 작업표'!$B$2:$B$2000,2,'① 작업표'!$D$2:$D$2000,"⚪ 표기") | H24: =COUNTIFS('① 작업표'!$B$2:$B$2000,2,'① 작업표'!$I$2:$I$2000,"확인완료") | I24: =IFERROR(H24/(C24-G24),"")
A25: 3 | B25: 상속의 민법 기초 | C25: =COUNTIF('① 작업표'!$B$2:$B$2000,3) | D25: =COUNTIFS('① 작업표'!$B$2:$B$2000,3,'① 작업표'!$D$2:$D$2000,"🔴 최우선") | E25: =COUNTIFS('① 작업표'!$B$2:$B$2000,3,'① 작업표'!$D$2:$D$2000,"🟡 중요") | F25: =COUNTIFS('① 작업표'!$B$2:$B$2000,3,'① 작업표'!$D$2:$D$2000,"🟢 보완") | G25: =COUNTIFS('① 작업표'!$B$2:$B$2000,3,'① 작업표'!$D$2:$D$2000,"⚪ 표기") | H25: =COUNTIFS('① 작업표'!$B$2:$B$2000,3,'① 작업표'!$I$2:$I$2000,"확인완료") | I25: =IFERROR(H25/(C25-G25),"") | J25: 제3장 (상속의 민법 기초) — 11건, 최다. 🟡이 7건으로 몰려 있다. 세법이 아니라 민법이라 저자의 조사 밀도가 가장 낮았던 구간이고, 2026.2. 민법 개정(유류분·상속권 상실)이 겹쳐 개정 직후 조문을 다룬다. 유류분 관련 3건(특별수익·기여분·산입 증여 범위)은 서로 물려 있으므로 한 사람이 묶어서 보는 편이 빠르다. → 민법 전공 변호사 배정 권장.
A26: 4 | B26: 과세대상과 납세의무자 | C26: =COUNTIF('① 작업표'!$B$2:$B$2000,4) | D26: =COUNTIFS('① 작업표'!$B$2:$B$2000,4,'① 작업표'!$D$2:$D$2000,"🔴 최우선") | E26: =COUNTIFS('① 작업표'!$B$2:$B$2000,4,'① 작업표'!$D$2:$D$2000,"🟡 중요") | F26: =COUNTIFS('① 작업표'!$B$2:$B$2000,4,'① 작업표'!$D$2:$D$2000,"🟢 보완") | G26: =COUNTIFS('① 작업표'!$B$2:$B$2000,4,'① 작업표'!$D$2:$D$2000,"⚪ 표기") | H26: =COUNTIFS('① 작업표'!$B$2:$B$2000,4,'① 작업표'!$I$2:$I$2000,"확인완료") | I26: =IFERROR(H26/(C26-G26),"") | J26: 제4장 (7건, 🟡 5건). §3의2 2026.1.1. 시행 개정이 걸려 있어 개정 전후 문언 대비가 필요하다. 부칙 원문까지 봐야 한다.
A27: 5 | B27: 상속재산의 범위 | C27: =COUNTIF('① 작업표'!$B$2:$B$2000,5) | D27: =COUNTIFS('① 작업표'!$B$2:$B$2000,5,'① 작업표'!$D$2:$D$2000,"🔴 최우선") | E27: =COUNTIFS('① 작업표'!$B$2:$B$2000,5,'① 작업표'!$D$2:$D$2000,"🟡 중요") | F27: =COUNTIFS('① 작업표'!$B$2:$B$2000,5,'① 작업표'!$D$2:$D$2000,"🟢 보완") | G27: =COUNTIFS('① 작업표'!$B$2:$B$2000,5,'① 작업표'!$D$2:$D$2000,"⚪ 표기") | H27: =COUNTIFS('① 작업표'!$B$2:$B$2000,5,'① 작업표'!$I$2:$I$2000,"확인완료") | I27: =IFERROR(H27/(C27-G27),"")
A28: 6 | B28: 사전증여재산 합산 | C28: =COUNTIF('① 작업표'!$B$2:$B$2000,6) | D28: =COUNTIFS('① 작업표'!$B$2:$B$2000,6,'① 작업표'!$D$2:$D$2000,"🔴 최우선") | E28: =COUNTIFS('① 작업표'!$B$2:$B$2000,6,'① 작업표'!$D$2:$D$2000,"🟡 중요") | F28: =COUNTIFS('① 작업표'!$B$2:$B$2000,6,'① 작업표'!$D$2:$D$2000,"🟢 보완") | G28: =COUNTIFS('① 작업표'!$B$2:$B$2000,6,'① 작업표'!$D$2:$D$2000,"⚪ 표기") | H28: =COUNTIFS('① 작업표'!$B$2:$B$2000,6,'① 작업표'!$I$2:$I$2000,"확인완료") | I28: =IFERROR(H28/(C28-G28),"")
A29: 7 | B29: 상속세 과세가액 | C29: =COUNTIF('① 작업표'!$B$2:$B$2000,7) | D29: =COUNTIFS('① 작업표'!$B$2:$B$2000,7,'① 작업표'!$D$2:$D$2000,"🔴 최우선") | E29: =COUNTIFS('① 작업표'!$B$2:$B$2000,7,'① 작업표'!$D$2:$D$2000,"🟡 중요") | F29: =COUNTIFS('① 작업표'!$B$2:$B$2000,7,'① 작업표'!$D$2:$D$2000,"🟢 보완") | G29: =COUNTIFS('① 작업표'!$B$2:$B$2000,7,'① 작업표'!$D$2:$D$2000,"⚪ 표기") | H29: =COUNTIFS('① 작업표'!$B$2:$B$2000,7,'① 작업표'!$I$2:$I$2000,"확인완료") | I29: =IFERROR(H29/(C29-G29),"")
A30: 8 | B30: 상속공제 I (기초·일괄·인적) | C30: =COUNTIF('① 작업표'!$B$2:$B$2000,8) | D30: =COUNTIFS('① 작업표'!$B$2:$B$2000,8,'① 작업표'!$D$2:$D$2000,"🔴 최우선") | E30: =COUNTIFS('① 작업표'!$B$2:$B$2000,8,'① 작업표'!$D$2:$D$2000,"🟡 중요") | F30: =COUNTIFS('① 작업표'!$B$2:$B$2000,8,'① 작업표'!$D$2:$D$2000,"🟢 보완") | G30: =COUNTIFS('① 작업표'!$B$2:$B$2000,8,'① 작업표'!$D$2:$D$2000,"⚪ 표기") | H30: =COUNTIFS('① 작업표'!$B$2:$B$2000,8,'① 작업표'!$I$2:$I$2000,"확인완료") | I30: =IFERROR(H30/(C30-G30),"")
A31: 9 | B31: 상속공제 II (배우자) | C31: =COUNTIF('① 작업표'!$B$2:$B$2000,9) | D31: =COUNTIFS('① 작업표'!$B$2:$B$2000,9,'① 작업표'!$D$2:$D$2000,"🔴 최우선") | E31: =COUNTIFS('① 작업표'!$B$2:$B$2000,9,'① 작업표'!$D$2:$D$2000,"🟡 중요") | F31: =COUNTIFS('① 작업표'!$B$2:$B$2000,9,'① 작업표'!$D$2:$D$2000,"🟢 보완") | G31: =COUNTIFS('① 작업표'!$B$2:$B$2000,9,'① 작업표'!$D$2:$D$2000,"⚪ 표기") | H31: =COUNTIFS('① 작업표'!$B$2:$B$2000,9,'① 작업표'!$I$2:$I$2000,"확인완료") | I31: =IFERROR(H31/(C31-G31),"")
A32: 10 | B32: 상속공제 III (금융·동거주택) | C32: =COUNTIF('① 작업표'!$B$2:$B$2000,10) | D32: =COUNTIFS('① 작업표'!$B$2:$B$2000,10,'① 작업표'!$D$2:$D$2000,"🔴 최우선") | E32: =COUNTIFS('① 작업표'!$B$2:$B$2000,10,'① 작업표'!$D$2:$D$2000,"🟡 중요") | F32: =COUNTIFS('① 작업표'!$B$2:$B$2000,10,'① 작업표'!$D$2:$D$2000,"🟢 보완") | G32: =COUNTIFS('① 작업표'!$B$2:$B$2000,10,'① 작업표'!$D$2:$D$2000,"⚪ 표기") | H32: =COUNTIFS('① 작업표'!$B$2:$B$2000,10,'① 작업표'!$I$2:$I$2000,"확인완료") | I32: =IFERROR(H32/(C32-G32),"")
A33: 11 | B33: 가업상속공제·영농상속공제 | C33: =COUNTIF('① 작업표'!$B$2:$B$2000,11) | D33: =COUNTIFS('① 작업표'!$B$2:$B$2000,11,'① 작업표'!$D$2:$D$2000,"🔴 최우선") | E33: =COUNTIFS('① 작업표'!$B$2:$B$2000,11,'① 작업표'!$D$2:$D$2000,"🟡 중요") | F33: =COUNTIFS('① 작업표'!$B$2:$B$2000,11,'① 작업표'!$D$2:$D$2000,"🟢 보완") | G33: =COUNTIFS('① 작업표'!$B$2:$B$2000,11,'① 작업표'!$D$2:$D$2000,"⚪ 표기") | H33: =COUNTIFS('① 작업표'!$B$2:$B$2000,11,'① 작업표'!$I$2:$I$2000,"확인완료") | I33: =IFERROR(H33/(C33-G33),"")
A34: 12 | B34: 세율과 세액 계산 | C34: =COUNTIF('① 작업표'!$B$2:$B$2000,12) | D34: =COUNTIFS('① 작업표'!$B$2:$B$2000,12,'① 작업표'!$D$2:$D$2000,"🔴 최우선") | E34: =COUNTIFS('① 작업표'!$B$2:$B$2000,12,'① 작업표'!$D$2:$D$2000,"🟡 중요") | F34: =COUNTIFS('① 작업표'!$B$2:$B$2000,12,'① 작업표'!$D$2:$D$2000,"🟢 보완") | G34: =COUNTIFS('① 작업표'!$B$2:$B$2000,12,'① 작업표'!$D$2:$D$2000,"⚪ 표기") | H34: =COUNTIFS('① 작업표'!$B$2:$B$2000,12,'① 작업표'!$I$2:$I$2000,"확인완료") | I34: =IFERROR(H34/(C34-G34),"")
A35: 13 | B35: 비거주자와 국제상속 | C35: =COUNTIF('① 작업표'!$B$2:$B$2000,13) | D35: =COUNTIFS('① 작업표'!$B$2:$B$2000,13,'① 작업표'!$D$2:$D$2000,"🔴 최우선") | E35: =COUNTIFS('① 작업표'!$B$2:$B$2000,13,'① 작업표'!$D$2:$D$2000,"🟡 중요") | F35: =COUNTIFS('① 작업표'!$B$2:$B$2000,13,'① 작업표'!$D$2:$D$2000,"🟢 보완") | G35: =COUNTIFS('① 작업표'!$B$2:$B$2000,13,'① 작업표'!$D$2:$D$2000,"⚪ 표기") | H35: =COUNTIFS('① 작업표'!$B$2:$B$2000,13,'① 작업표'!$I$2:$I$2000,"확인완료") | I35: =IFERROR(H35/(C35-G35),"") | J35: 제13장 (비거주자와 국제상속) — 10건, 🔴 4건으로 최다. 거주자 판정(183일 계산)·국외전출세 세율·해외금융계좌 과태료율·§53 거주자 요건이 전부 🔴다. 게다가 소득세법·국제조세조정법·조세조약이라는 이 책 바깥의 법령을 인용하는 장이라 상증세법만 아는 검토자로는 닫히지 않는다. → 국제조세 담당자 배정 권장.
A36: 14 | B36: 증여세 과세대상과 납세의무자 | C36: =COUNTIF('① 작업표'!$B$2:$B$2000,14) | D36: =COUNTIFS('① 작업표'!$B$2:$B$2000,14,'① 작업표'!$D$2:$D$2000,"🔴 최우선") | E36: =COUNTIFS('① 작업표'!$B$2:$B$2000,14,'① 작업표'!$D$2:$D$2000,"🟡 중요") | F36: =COUNTIFS('① 작업표'!$B$2:$B$2000,14,'① 작업표'!$D$2:$D$2000,"🟢 보완") | G36: =COUNTIFS('① 작업표'!$B$2:$B$2000,14,'① 작업표'!$D$2:$D$2000,"⚪ 표기") | H36: =COUNTIFS('① 작업표'!$B$2:$B$2000,14,'① 작업표'!$I$2:$I$2000,"확인완료") | I36: =IFERROR(H36/(C36-G36),"")
A37: 15 | B37: 증여재산공제 | C37: =COUNTIF('① 작업표'!$B$2:$B$2000,15) | D37: =COUNTIFS('① 작업표'!$B$2:$B$2000,15,'① 작업표'!$D$2:$D$2000,"🔴 최우선") | E37: =COUNTIFS('① 작업표'!$B$2:$B$2000,15,'① 작업표'!$D$2:$D$2000,"🟡 중요") | F37: =COUNTIFS('① 작업표'!$B$2:$B$2000,15,'① 작업표'!$D$2:$D$2000,"🟢 보완") | G37: =COUNTIFS('① 작업표'!$B$2:$B$2000,15,'① 작업표'!$D$2:$D$2000,"⚪ 표기") | H37: =COUNTIFS('① 작업표'!$B$2:$B$2000,15,'① 작업표'!$I$2:$I$2000,"확인완료") | I37: =IFERROR(H37/(C37-G37),"")
A38: 16 | B38: 유형별 증여 | C38: =COUNTIF('① 작업표'!$B$2:$B$2000,16) | D38: =COUNTIFS('① 작업표'!$B$2:$B$2000,16,'① 작업표'!$D$2:$D$2000,"🔴 최우선") | E38: =COUNTIFS('① 작업표'!$B$2:$B$2000,16,'① 작업표'!$D$2:$D$2000,"🟡 중요") | F38: =COUNTIFS('① 작업표'!$B$2:$B$2000,16,'① 작업표'!$D$2:$D$2000,"🟢 보완") | G38: =COUNTIFS('① 작업표'!$B$2:$B$2000,16,'① 작업표'!$D$2:$D$2000,"⚪ 표기") | H38: =COUNTIFS('① 작업표'!$B$2:$B$2000,16,'① 작업표'!$I$2:$I$2000,"확인완료") | I38: =IFERROR(H38/(C38-G38),"")
A39: 17 | B39: 부담부증여 | C39: =COUNTIF('① 작업표'!$B$2:$B$2000,17) | D39: =COUNTIFS('① 작업표'!$B$2:$B$2000,17,'① 작업표'!$D$2:$D$2000,"🔴 최우선") | E39: =COUNTIFS('① 작업표'!$B$2:$B$2000,17,'① 작업표'!$D$2:$D$2000,"🟡 중요") | F39: =COUNTIFS('① 작업표'!$B$2:$B$2000,17,'① 작업표'!$D$2:$D$2000,"🟢 보완") | G39: =COUNTIFS('① 작업표'!$B$2:$B$2000,17,'① 작업표'!$D$2:$D$2000,"⚪ 표기") | H39: =COUNTIFS('① 작업표'!$B$2:$B$2000,17,'① 작업표'!$I$2:$I$2000,"확인완료") | I39: =IFERROR(H39/(C39-G39),"")
A40: 18 | B40: 증여추정과 증여의제 | C40: =COUNTIF('① 작업표'!$B$2:$B$2000,18) | D40: =COUNTIFS('① 작업표'!$B$2:$B$2000,18,'① 작업표'!$D$2:$D$2000,"🔴 최우선") | E40: =COUNTIFS('① 작업표'!$B$2:$B$2000,18,'① 작업표'!$D$2:$D$2000,"🟡 중요") | F40: =COUNTIFS('① 작업표'!$B$2:$B$2000,18,'① 작업표'!$D$2:$D$2000,"🟢 보완") | G40: =COUNTIFS('① 작업표'!$B$2:$B$2000,18,'① 작업표'!$D$2:$D$2000,"⚪ 표기") | H40: =COUNTIFS('① 작업표'!$B$2:$B$2000,18,'① 작업표'!$I$2:$I$2000,"확인완료") | I40: =IFERROR(H40/(C40-G40),"")
A41: 19 | B41: 창업자금·가업승계 과세특례 | C41: =COUNTIF('① 작업표'!$B$2:$B$2000,19) | D41: =COUNTIFS('① 작업표'!$B$2:$B$2000,19,'① 작업표'!$D$2:$D$2000,"🔴 최우선") | E41: =COUNTIFS('① 작업표'!$B$2:$B$2000,19,'① 작업표'!$D$2:$D$2000,"🟡 중요") | F41: =COUNTIFS('① 작업표'!$B$2:$B$2000,19,'① 작업표'!$D$2:$D$2000,"🟢 보완") | G41: =COUNTIFS('① 작업표'!$B$2:$B$2000,19,'① 작업표'!$D$2:$D$2000,"⚪ 표기") | H41: =COUNTIFS('① 작업표'!$B$2:$B$2000,19,'① 작업표'!$I$2:$I$2000,"확인완료") | I41: =IFERROR(H41/(C41-G41),"")
A42: 20 | B42: 신탁과 상속·증여 | C42: =COUNTIF('① 작업표'!$B$2:$B$2000,20) | D42: =COUNTIFS('① 작업표'!$B$2:$B$2000,20,'① 작업표'!$D$2:$D$2000,"🔴 최우선") | E42: =COUNTIFS('① 작업표'!$B$2:$B$2000,20,'① 작업표'!$D$2:$D$2000,"🟡 중요") | F42: =COUNTIFS('① 작업표'!$B$2:$B$2000,20,'① 작업표'!$D$2:$D$2000,"🟢 보완") | G42: =COUNTIFS('① 작업표'!$B$2:$B$2000,20,'① 작업표'!$D$2:$D$2000,"⚪ 표기") | H42: =COUNTIFS('① 작업표'!$B$2:$B$2000,20,'① 작업표'!$I$2:$I$2000,"확인완료") | I42: =IFERROR(H42/(C42-G42),"")
A43: 21 | B43: 평가 원칙 | C43: =COUNTIF('① 작업표'!$B$2:$B$2000,21) | D43: =COUNTIFS('① 작업표'!$B$2:$B$2000,21,'① 작업표'!$D$2:$D$2000,"🔴 최우선") | E43: =COUNTIFS('① 작업표'!$B$2:$B$2000,21,'① 작업표'!$D$2:$D$2000,"🟡 중요") | F43: =COUNTIFS('① 작업표'!$B$2:$B$2000,21,'① 작업표'!$D$2:$D$2000,"🟢 보완") | G43: =COUNTIFS('① 작업표'!$B$2:$B$2000,21,'① 작업표'!$D$2:$D$2000,"⚪ 표기") | H43: =COUNTIFS('① 작업표'!$B$2:$B$2000,21,'① 작업표'!$I$2:$I$2000,"확인완료") | I43: =IFERROR(H43/(C43-G43),"")
A44: 22 | B44: 보충적 평가 | C44: =COUNTIF('① 작업표'!$B$2:$B$2000,22) | D44: =COUNTIFS('① 작업표'!$B$2:$B$2000,22,'① 작업표'!$D$2:$D$2000,"🔴 최우선") | E44: =COUNTIFS('① 작업표'!$B$2:$B$2000,22,'① 작업표'!$D$2:$D$2000,"🟡 중요") | F44: =COUNTIFS('① 작업표'!$B$2:$B$2000,22,'① 작업표'!$D$2:$D$2000,"🟢 보완") | G44: =COUNTIFS('① 작업표'!$B$2:$B$2000,22,'① 작업표'!$D$2:$D$2000,"⚪ 표기") | H44: =COUNTIFS('① 작업표'!$B$2:$B$2000,22,'① 작업표'!$I$2:$I$2000,"확인완료") | I44: =IFERROR(H44/(C44-G44),"")
A45: 23 | B45: 신고와 납부 | C45: =COUNTIF('① 작업표'!$B$2:$B$2000,23) | D45: =COUNTIFS('① 작업표'!$B$2:$B$2000,23,'① 작업표'!$D$2:$D$2000,"🔴 최우선") | E45: =COUNTIFS('① 작업표'!$B$2:$B$2000,23,'① 작업표'!$D$2:$D$2000,"🟡 중요") | F45: =COUNTIFS('① 작업표'!$B$2:$B$2000,23,'① 작업표'!$D$2:$D$2000,"🟢 보완") | G45: =COUNTIFS('① 작업표'!$B$2:$B$2000,23,'① 작업표'!$D$2:$D$2000,"⚪ 표기") | H45: =COUNTIFS('① 작업표'!$B$2:$B$2000,23,'① 작업표'!$I$2:$I$2000,"확인완료") | I45: =IFERROR(H45/(C45-G45),"")
A46: 24 | B46: 연부연납과 물납 | C46: =COUNTIF('① 작업표'!$B$2:$B$2000,24) | D46: =COUNTIFS('① 작업표'!$B$2:$B$2000,24,'① 작업표'!$D$2:$D$2000,"🔴 최우선") | E46: =COUNTIFS('① 작업표'!$B$2:$B$2000,24,'① 작업표'!$D$2:$D$2000,"🟡 중요") | F46: =COUNTIFS('① 작업표'!$B$2:$B$2000,24,'① 작업표'!$D$2:$D$2000,"🟢 보완") | G46: =COUNTIFS('① 작업표'!$B$2:$B$2000,24,'① 작업표'!$D$2:$D$2000,"⚪ 표기") | H46: =COUNTIFS('① 작업표'!$B$2:$B$2000,24,'① 작업표'!$I$2:$I$2000,"확인완료") | I46: =IFERROR(H46/(C46-G46),"") | J46: 제24장 (7건, 🟡 5건). 연부연납 조문 표현이 조밀하게 몰려 있어 §71~§73을 한 번에 통독하면 5건이 동시에 닫힌다. 효율이 가장 좋은 구간.
A47: 25 | B47: 결정·경정과 세무조사 | C47: =COUNTIF('① 작업표'!$B$2:$B$2000,25) | D47: =COUNTIFS('① 작업표'!$B$2:$B$2000,25,'① 작업표'!$D$2:$D$2000,"🔴 최우선") | E47: =COUNTIFS('① 작업표'!$B$2:$B$2000,25,'① 작업표'!$D$2:$D$2000,"🟡 중요") | F47: =COUNTIFS('① 작업표'!$B$2:$B$2000,25,'① 작업표'!$D$2:$D$2000,"🟢 보완") | G47: =COUNTIFS('① 작업표'!$B$2:$B$2000,25,'① 작업표'!$D$2:$D$2000,"⚪ 표기") | H47: =COUNTIFS('① 작업표'!$B$2:$B$2000,25,'① 작업표'!$I$2:$I$2000,"확인완료") | I47: =IFERROR(H47/(C47-G47),"")
A48: 26 | B48: 공익법인 출연재산 | C48: =COUNTIF('① 작업표'!$B$2:$B$2000,26) | D48: =COUNTIFS('① 작업표'!$B$2:$B$2000,26,'① 작업표'!$D$2:$D$2000,"🔴 최우선") | E48: =COUNTIFS('① 작업표'!$B$2:$B$2000,26,'① 작업표'!$D$2:$D$2000,"🟡 중요") | F48: =COUNTIFS('① 작업표'!$B$2:$B$2000,26,'① 작업표'!$D$2:$D$2000,"🟢 보완") | G48: =COUNTIFS('① 작업표'!$B$2:$B$2000,26,'① 작업표'!$D$2:$D$2000,"⚪ 표기") | H48: =COUNTIFS('① 작업표'!$B$2:$B$2000,26,'① 작업표'!$I$2:$I$2000,"확인완료") | I48: =IFERROR(H48/(C48-G48),"")
A49: 27 | B49: 다른 세금과의 관계 | C49: =COUNTIF('① 작업표'!$B$2:$B$2000,27) | D49: =COUNTIFS('① 작업표'!$B$2:$B$2000,27,'① 작업표'!$D$2:$D$2000,"🔴 최우선") | E49: =COUNTIFS('① 작업표'!$B$2:$B$2000,27,'① 작업표'!$D$2:$D$2000,"🟡 중요") | F49: =COUNTIFS('① 작업표'!$B$2:$B$2000,27,'① 작업표'!$D$2:$D$2000,"🟢 보완") | G49: =COUNTIFS('① 작업표'!$B$2:$B$2000,27,'① 작업표'!$D$2:$D$2000,"⚪ 표기") | H49: =COUNTIFS('① 작업표'!$B$2:$B$2000,27,'① 작업표'!$I$2:$I$2000,"확인완료") | I49: =IFERROR(H49/(C49-G49),"") | J49: 제27장 (다른 세금과의 관계) — 9건. 전부 지방세법·소득세법·종부세법 영역이다. 조정대상지역 범위·취득세 부가세목·지방세 가산세율이 🔴. 지방세는 상증세 전문가의 사각지대이므로 별도 검토자를 붙이는 편이 안전하다.
A50: 28 | B50: 상속·증여 설계와 유의사항 | C50: =COUNTIF('① 작업표'!$B$2:$B$2000,28) | D50: =COUNTIFS('① 작업표'!$B$2:$B$2000,28,'① 작업표'!$D$2:$D$2000,"🔴 최우선") | E50: =COUNTIFS('① 작업표'!$B$2:$B$2000,28,'① 작업표'!$D$2:$D$2000,"🟡 중요") | F50: =COUNTIFS('① 작업표'!$B$2:$B$2000,28,'① 작업표'!$D$2:$D$2000,"🟢 보완") | G50: =COUNTIFS('① 작업표'!$B$2:$B$2000,28,'① 작업표'!$D$2:$D$2000,"⚪ 표기") | H50: =COUNTIFS('① 작업표'!$B$2:$B$2000,28,'① 작업표'!$I$2:$I$2000,"확인완료") | I50: =IFERROR(H50/(C50-G50),"")
A51: 부록 | B51: 부록 A~K | C51: =COUNTIF('① 작업표'!$B$2:$B$2000,"부록") | D51: =COUNTIFS('① 작업표'!$B$2:$B$2000,"부록",'① 작업표'!$D$2:$D$2000,"🔴 최우선") | E51: =COUNTIFS('① 작업표'!$B$2:$B$2000,"부록",'① 작업표'!$D$2:$D$2000,"🟡 중요") | F51: =COUNTIFS('① 작업표'!$B$2:$B$2000,"부록",'① 작업표'!$D$2:$D$2000,"🟢 보완") | G51: =COUNTIFS('① 작업표'!$B$2:$B$2000,"부록",'① 작업표'!$D$2:$D$2000,"⚪ 표기") | H51: =COUNTIFS('① 작업표'!$B$2:$B$2000,"부록",'① 작업표'!$I$2:$I$2000,"확인완료") | I51: =IFERROR(H51/(C51-G51),"")
A52: 합계 | C52: =SUM(C23:C51) | D52: =SUM(D23:D51) | E52: =SUM(E23:E51) | F52: =SUM(F23:F51) | G52: =SUM(G23:G51) | H52: =SUM(H23:H51) | I52: =IFERROR(H52/(C52-G52),"")
A54: ■ 집중 검증 권고 장 — 여기부터 시작하라 (체크리스트 §0.4)
A55: 상태 | B55: 우선순위 | C55: 내용
A56: 미확인 | C56: 제3장 (상속의 민법 기초) — 11건, 최다. 🟡이 7건으로 몰려 있다. 세법이 아니라 민법이라 저자의 조사 밀도가 가장 낮았던 구간이고, 2026.2. 민법 개정(유류분·상속권 상실)이 겹쳐 개정 직후 조문을 다룬다. 유류분 관련 3건(특별수익·기여분·산입 증여 범위)은 서로 물려 있으므로 한 사람이 묶어서 보는 편이 빠르다. → 민법 전공 변호사 배정 권장.
A57: 미확인 | C57: 제13장 (비거주자와 국제상속) — 10건, 🔴 4건으로 최다. 거주자 판정(183일 계산)·국외전출세 세율·해외금융계좌 과태료율·§53 거주자 요건이 전부 🔴다. 게다가 소득세법·국제조세조정법·조세조약이라는 이 책 바깥의 법령을 인용하는 장이라 상증세법만 아는 검토자로는 닫히지 않는다. → 국제조세 담당자 배정 권장.
A58: 미확인 | C58: 제27장 (다른 세금과의 관계) — 9건. 전부 지방세법·소득세법·종부세법 영역이다. 조정대상지역 범위·취득세 부가세목·지방세 가산세율이 🔴. 지방세는 상증세 전문가의 사각지대이므로 별도 검토자를 붙이는 편이 안전하다.
A59: 미확인 | C59: 제4장 (7건, 🟡 5건). §3의2 2026.1.1. 시행 개정이 걸려 있어 개정 전후 문언 대비가 필요하다. 부칙 원문까지 봐야 한다.
A60: 미확인 | C60: 제24장 (7건, 🟡 5건). 연부연납 조문 표현이 조밀하게 몰려 있어 §71~§73을 한 번에 통독하면 5건이 동시에 닫힌다. 효율이 가장 좋은 구간.
A62: ■ 전 장 공통 — 1회 스캔으로 끝내는 작업 (체크리스트 §0.5)
A63: 상태 | B63: 우선순위 | C63: 내용
A64: 완료 | C64: "기획재정부령" → "재정경제부령" 전 장 스캔. verify_상속재산_상속공제_원문대조.md가 "책 전체 영향 사항(최우선)"으로 지목한 항목. 2026-08-13 재확인 결과 원고에 남은 6곳은 전부 "옛 표기는 구 자료의 신호"라고 설명하는 의도된 서술(2장 2.3 함정 1·2장 오해표·2장 Q3·2장 체크리스트·22장 22.2·부록 J)이며, 현행 문언을 잘못 쓴 곳은 없다. → 해소. 다만 최종 교정 시 1회 재스캔은 남겨 둘 것.
A65: 미확인 | B65: 🔴 최우선 | C65: 모든 금액·세율·한도의 시행연도 확정. 검색 상위에 구 금액이 남아 있는 항목(동거주택 40%·5억 / 최대주주 할증 30% / 영농상속 20억 / 가산금 3.5%)은 구법이다. 원고가 현행값을 쓰고 있는지 부록 G(주요 기준금액 총괄표) 기준으로 역대조.
A66: 미확인 | B66: 🟡 중요 | C66: 모든 조문번호를 law.go.kr 현행본과 1:1 대조 (§1 경로 참조).
A67: 미확인 | B67: 🟢 보완 | C67: 모든 판례 사건번호·심판례 청구번호를 원문으로 대조. 추측 인용 금지 — 확정되지 않으면 사건번호를 빼고 법리만 서술.
A68: 미확인 | B68: 🟢 보완 | C68: 예규·집행기준·훈령은 "국세청 해석" 층위임을 문장에 드러냈는지 확인 (2장 2.1의 원칙이 전 장에 지켜졌는지).
A69: 미확인 | B69: 🔴 최우선 | C69: 계산 사례 전수 재검산. 04_examples/verify_calc.py 재실행 + 증량분 신규 사례 포함 여부 확인.
A70: 미확인 | B70: 🟡 중요 | C70: "개정 예고" 박스가 확정 서술로 새지 않았는지 (11장 11.7 · 19장 19.8 · 20장 · 부록 G · 22장 — 전부 정부안 단계·입법 미완).
A72: ■ 보완 과제 — 마커 외 (체크리스트 §4)
A73: 상태 | B73: 우선순위 | C73: 내용
A74: 미확인 | B74: 🟡 중요 | C74: 28장 · 교차 확인 — 28장의 설계 조언 중 8·9장(일괄공제·배우자공제), 17장(부담부증여 유불리), 19·11장(가업승계)의 미해소 항목에 의존하는 서술이 있는지 점검.
A75: 미확인 | B75: 🟡 중요 | C75: 부록 · 부록 G 전체 역대조 — 부록 G는 이 책의 모든 금액 기준을 모은 표다. 본문의 수치와 부록 G의 수치가 1:1로 일치하는지 전수 대조할 것(불일치가 가장 잘 숨는 곳).
A77: ■ 개정 감시 항목 — 매 세션·매 개정판 재확인 (체크리스트 §2)
A78: 출판 직전 이 블록을 다시 돌릴 것. 검증 시점과 출판 시점 사이에 개정이 끼면 검증 결과는 무효가 된다.
A79: 상태 | B79: 우선순위 | C79: 내용
A80: 미확인 | B80: 🔴 최우선 | C80: 유산취득세 전환 법안 — 2025년 정기국회 미반영, 사회적 합의 후 재논의. 통과 시 이 책의 구조 자체가 바뀐다(과세 단위가 유산 총액 → 취득자별). 통과 확인 즉시 보고.
A81: 미확인 | B81: 🔴 최우선 | C81: 2026 세제개편안(2026.8.3. 발표) — 상증세 항목은 ① 가업상속공제 전면개편(경영기간 30년·한도 1,000억·승인제) ② 장애인 신탁 불산입 한도 5억→10억 ③ 금융조회 대상에 가상자산사업자 추가(2027.1.1~) ④ 상장주식 평가특례 신설(최소 30% 할증, 2027.4.1~). 전부 입법예고 단계·국회 미제출. 9월 정기국회 심의 결과 확인 필요. → 11장 11.7 · 19장 19.8 · 20장 · 22장 · 부록 G에 연동.
A82: 미확인 | B82: 🟡 중요 | C82: 2026.2. 민법 개정(유류분·상속권 상실) 시행 세부 — 3장 전반. 개정 직후라 해설·판례가 아직 얇다.
A83: 미확인 | B83: 🟢 보완 | C83: 유류분 × 유언대용신탁 대법원 선고 여부 — 2026-08-13 현재 대법원 판단 없음. 하급심이 갈려 있는 상태(수원고법 2020나11380 제외 / 창원지법 마산지원 2020가합100994 포함). 집필·개정판 직전 필수 재검색.
A84: 미확인 | B84: 🟡 중요 | C84: 매년 2월 시행령 개정분 · 매년 3월 시행규칙 개정분.
A85: 미확인 | B85: 🟢 보완 | C85: 국세청 훈령 개정분 — 사무처리규정 §42(증여추정 배제기준)·§72(부동산 감정평가 선정기준).
A86: 미확인 | B86: 🟡 중요 | C86: 2026 세제개편안 중 §22·§23·§23의2·§24 개정 없음 확인됨(2026-08-13) — 상속공제 3장(8·9·10장)은 이번 개편의 영향권 밖.

Sheet ③ 확인 방법
A1: 절 | B1: 구분 | C1: 내용 / URL / 값
B2: 메모 | C2: 아래 경로는 05_review/verify_*.md 5개 파일에서 실제로 원문 취득에 성공한 경로다. 추정 경로가 아니라 실증된 경로이므로 그대로 쓰면 된다.
A3: 1.1 law.go.kr DRF 오픈API — 조문 축자 원문 (🔴·🟡 항목의 기본 도구)
A4: 1.1 | B4: URL 패턴 | C4: https://www.law.go.kr/DRF/lawService.do?OC=test&target=law&type=XML&LM={법령명}&JO={조문번호}
A5: 1.1 | B5: 설명 | C5: LM = 법령명 (예: 상속세 및 증여세법, 상속세 및 증여세법 시행령)
A6: 1.1 | B6: 설명 | C6: JO = 조문번호 6자리 (예: 제19조 → 001900, 제18조의2 → 001802)
A7: 1.1 | B7: 설명 | C7: type=XML 대신 type=JSON도 가능. XML 본문을 직접 파싱하면 항·호 번호까지 축자로 잡힌다.
A8: 1.1 | B8: 설명 | C8: 버전을 고정하려면 MST를 쓴다 (LM 대신 MST={번호}). 2026-08-13 확인된 MST:
A9: 1.1 | B9: 표 머리 | C9: 법령 | D9: 버전 | E9: MST
A10: 1.1 | B10: 표 | C10: 상속세 및 증여세법 | D10: 법률 제21065호 (시행 2026.1.2.) | E10: 276123
A11: 1.1 | B11: 표 | C11: 상속세 및 증여세법 시행령 | D11: 대통령령 제36131호 (시행 2026.2.27.) | E11: 283637
A12: 1.1 | B12: 표 | C12: 상속세 및 증여세법 시행규칙 | D12: 재정경제부령 (시행 2026.3.20.) | E12: 284609
A13: 1.1 | B13: 메모 | C13: MST는 법령의 특정 버전을 가리킨다. 개정되면 새 MST가 생기므로, 위 번호는 "2026년의 이 버전"을 다시 불러오는 좌표이기도 하다. 감정·심판청구·의견서처럼 근거를 남겨야 하는 실무에서는 화면 캡처보다 버전이 특정된 원문 텍스트가 훨씬 강하다.
A14: 1.2 ⚠ 함정 — 화면 페이지는 본문을 주지 않는다
A15: 1.2 | B15: 주의 | C15: law.go.kr의 일반 조문 화면은 프레임(frame) 구조여서, URL을 그대로 긁으면 본문이 아니라 껍데기만 잡힌다. 이 함정 때문에 2차 출처(블로그·세무 포털)로 새는 사고가 반복된다. 반드시 §1.1의 DRF API 또는 아래 인쇄뷰를 쓸 것.
A16: 1.2 | B16: 설명 | C16: 인쇄뷰 경로(실증됨):
A17: 1.2 | B17: URL 패턴 | C17: https://www.law.go.kr/lsLawLinkInfo.do?lsJoLnkSeq={SEQ}&lsId={ID}&chrClsCd=010202&print=print
A18: 1.2 | B18: 설명 | C18: 확인된 값 — 법 제4장(제60~66조): lsJoLnkSeq=900368850&lsId=001561 / 시행령 제63조: lsJoLnkSeq=1000087016
A19: 1.2 | B19: 설명 | C19: 그 밖에 본문 취득에 성공한 경로: lsLinkCommonInfo.do(법 제60~66조), lumLsLinkPop.do(시행령 제50조·제52조의2)
A20: 1.2 | B20: 주의 | C20: 연혁법령(구법) API는 500 오류가 잦다. 구법 원문(가업상속 기간별 추징률 표 등)은 이 경로로 취득 실패한 이력이 있으므로, 국회 의안정보시스템·관보 아카이브를 대안으로 준비할 것.
A21: 1.2 | B21: 설명 | C21: 한계 — 이미지 수식. 법 제19조 제1항 제1호의 배우자상속공제 한도식은 law.go.kr 게재본이 이미지여서 API로도 축자 텍스트가 나오지 않는다. 이런 항목은 종이 법전 또는 관보로 대조해야 한다.
A22: 1.3 판례 — 대법원 종합법률정보
A23: 1.3 | B23: 설명 | C23: https://lx.scourt.go.kr 판례 검색. 상세 URL 패턴(실증): lx.scourt.go.kr/search/detail/precedent/0/2026000036467 (대법원 2026.4.2. 선고 2025두35499)
A24: 1.3 | B24: 설명 | C24: 언론 보도로만 확인된 사건번호는 인용하지 않는다. 원고의 21장 판례 2건이 여기에 해당한다(언론 3곳 교차확인 상태, 공식 DB 미대조).
A25: 1.3 | B25: 설명 | C25: 하급심(행정법원·고등법원) 사건은 공개 범위가 좁다. 확정 여부·상급심 진행을 확인하지 못하면 "~라고 본 하급심 판결이 있다" 수준으로 낮춰 쓴다.
A26: 1.4 예규·집행기준·심판례
A27: 1.4 | B27: 설명 | C27: 국세법령정보시스템 https://txsi.hometax.go.kr — 예규(사전-2023-법규재산-0247 형식)·집행기준·질의회신 원문. 원고가 인용한 예규는 대부분 2차 출처 경유이므로 문서번호가 실재하는지부터 확인할 것.
A28: 1.4 | B28: 설명 | C28: 조세심판원 https://www.tt.go.kr — 심판례(조심 2024중5770 형식).
A29: 1.4 | B29: 설명 | C29: 예규·집행기준은 법이 아니라 국세청 해석이다. 인용할 때 반드시 층위를 문장에 드러낸다("국세청 해석(사전-2025-법규재산-0190)에 따르면").
A30: 1.5 훈령·통계·기타
A31: 1.5 | B31: 설명 | C31: 국세청 훈령 — 「상속세 및 증여세 사무처리규정」(제2760호, 시행 2026.8.3.), 「평가심의위원회 운영 규정」(제2545호, 2022.12.22.). 국세청 누리집 훈령·예규 게시판. 훈령은 개정이 잦다 — 증여추정 배제기준(§42)·부동산 감정평가 선정기준(§72)은 매 개정판 재확인 대상.
A32: 1.5 | B32: 설명 | C32: 국세통계포털(TASIS) https://tasis.nts.go.kr — 과세인원·결정세액 등 통계 원자료. 언론 인용 수치를 그대로 쓰지 말 것.
A33: 1.5 | B33: 설명 | C33: 국가법령정보센터 부칙·신구조문대비표 — 개정 전후 문언 대비(4장 §3의2·23장 국기법 §47의4에 필수).
A34: 1.6 확인할 때의 기록 규칙
A35: 1.6 | B35: 기록 규칙 | C35: [ ] 확인한 항목은 조회일자·법령 버전(법률호수/MST)·조회 URL을 각주 또는 원문대조_작업표.xlsx에 남긴다.
A36: 1.6 | B36: 기록 규칙 | C36: [ ] 확인 결과 원고가 틀렸으면 수정하고, 확정하지 못했으면 마커를 지우지 말 것. 확정하지 못한 것을 확정한 것처럼 쓰는 것이 이 책이 가장 피하려는 실패다.
A37: 1.6 | B37: 기록 규칙 | C37: [ ] 확정된 항목은 원고의 [검증필요] 마커를 삭제하고 출처 각주로 교체한다.

Sheet ④ 확인 완료 이력
A1: 구분 | B1: 분류 | C1: 확정 사항 — 재검증 대상 아님 | D1: 출처 | E1: 비고
A2: 여기 적힌 것은 원문 대조가 끝난 사실이다. 원고가 이와 다르게 쓰고 있다면 원고가 틀린 것이다. 재검토 시 중복 작업을 막는 용도.
A3: ■ 근거 파일 — 05_review/verify_*.md (1차 출처 취득 성공분)
A4: 근거 파일 | B4: verify_61조63조_원문대조.md | C4: 조문 원문대조 검증 결과 — 법 제61조·제63조 (2026-08-13, 22장 검수용) | D4: law.go.kr lsLinkCommonInfo.do (법 제60~66조 원문) · lumLsLinkPop.do (시행령 제50조·제52조의2) | E4: 상속세 및 증여세법 [시행 2026. 1. 2.] [법률 제21065호] / 시행령 [시행 2026. 2. 27.] [대통령령 제36131호]
A5: 근거 파일 | B5: verify_66조_할증평가_원문대조.md | C5: 조문 원문대조 검증 결과 — 법 제66조(저당권 특례)·제63조 제3항(최대주주 할증) (2026-08-13, 21·22장 검수용) | D5: law.go.kr lsLawLinkInfo.do?lsJoLnkSeq={SEQ}&lsId={ID}&chrClsCd=010202&print=print — 법 제4장(제60~66조): lsJoLnkSeq=900368850&lsId=001561 / 시행령 제63조: lsJoLnkSeq=1000087016 | E5: 법률 제21065호(시행 2026.1.2.) / 시행령 제36131호(시행 2026.2.27.)
A6: 근거 파일 | B6: verify_가업상속_추징률_이자상당액.md | C6: 원문대조 검증 결과 — 가업상속공제 추징률·이자상당액 (2026-08-13, 11·19장 검수용) | D6: law.go.kr DRF OPEN API로 조문 XML 원문 직접 취득 (인쇄뷰 + API 2회 독립 취득 일치).
A7: 근거 파일 | B7: verify_상속재산_상속공제_원문대조.md | C7: 원문대조 검증 결과 — 상속재산(§8~§15)·상속공제(§22~§24) (2026-08-13) | D7: law.go.kr DRF OPEN API(lawService.do)로 XML 원문 직접 파싱 — 축자 원문 수준. 프레임 페이지 우회 성공 경로.
A8: 근거 파일 | B8: verify_평가심의위_감정평가사업_원문대조.md | C8: 원문대조 검증 결과 — 평가심의위원회·부동산 감정평가 사업 (2026-08-13, 21·22장 검수용) | D8: 05_review/verify_평가심의위_감정평가사업_원문대조.md (파일 본문에 경로 기재)
A10: ■ verify 확정 사항 — 원고 반영 확인 대상 (체크리스트 §3)
A11: §3 확정 | B11: 3.1 상속재산 (5장) | C11: 시행령 §11⑤ 재산 3분류의 호 번호 함정 — 1호 현금·예금·유가증권 / 2호 부동산 및 부동산에 관한 권리 / 3호 삭제(1998.12.31) / 4호 = 기타 재산 / 5호 삭제. "기타재산 = 제3호"는 오류. 근거 항은 §11①이 아니라 §11⑤. | D11: law.go.kr 원문 (verify_*.md)
A12: §3 확정 | B12: 3.1 상속재산 (5장) | C12: 법 §9③ 수익자연속신탁(2020.12.22 신설) 서술 유무 — 20장과 연동. | D12: law.go.kr 원문 (verify_*.md)
A13: §3 확정 | B13: 3.1 상속재산 (5장) | C13: 법 §10 제2·3호에 「공무원 재해보상법」·「군인 재해보상법」 추가(2018.3.20) 반영. | D13: law.go.kr 원문 (verify_*.md)
A14: §3 확정 | B14: 3.1 상속재산 (5장) | C14: 소명 판정은 적극적 인정 목록이 아니라 시행령 §11② 5가지 부정 요건으로 이루어진다. "병원비는 인정" 식 카탈로그를 썼다면 "실무상 통용되는 예시"로 격하 표기. | D14: law.go.kr 원문 (verify_*.md)
A15: §3 확정 | B15: 3.1 상속재산 (5장) | C15: 금융조회 근거 3단: 법 §83(국세청장·지방국세청장 한정) → 금융실명법 §4①2호·§4⑥5호 → 사무처리규정 §36. | D15: law.go.kr 원문 (verify_*.md)
A16: §3 확정 | B16: 3.2 상속공제 (8·9·10장) | C16: §24 종합한도 표현 4건 정정 — ① "상속인이 아닌 자" → "선순위인 상속인이 아닌 자" ② "상속인의 상속포기로" → "선순위인 상속인의 상속 포기로" ③ "사전증여재산 과세표준" → "증여재산가액(§53·§53의2·§54 공제액 차감 후)"(감정평가수수료 §55①은 차감하지 않으므로 증여세 과세표준과 다르다) ④ 인용 조문은 "제18조, 제18조의2, 제18조의3, 제19조부터 제23조까지 및 제23조의2" — "제18조부터 제23조까지"는 구법. | D16: law.go.kr 원문 (verify_*.md) | E16: 🔴
A17: §3 확정 | B17: 3.2 상속공제 (8·9·10장) | C17: 동거주택상속공제(§23의2) 현행 100%·6억 (40%·5억, 80%·5억은 구법). 동거 기간 특례 3단 구조: 법 §23의2② → 시행령 §20의2② → 시행규칙 §9의2. | D17: law.go.kr 원문 (verify_*.md) | E17: 🔴
A18: §3 확정 | B18: 3.2 상속공제 (8·9·10장) | C18: 금융재산상속공제(§22) — 2천만 초과 시 max(20%, 2천만), 2천만 이하 전액, 2억 한도, 거주자 한정. 범위는 시행령 §19①. | D18: law.go.kr 원문 (verify_*.md) | E18: 🔴
A19: §3 확정 | B19: 3.2 상속공제 (8·9·10장) | C19: 재해손실공제(§23) '재난' 정의는 시행령 §20①. | D19: law.go.kr 원문 (verify_*.md) | E19: 🟡
A20: §3 확정 | B20: 3.3 가업상속·가업승계 (11·19장) | C20: 기간별 추징률 표는 현행법에 없다. 일률 100% (시행령 §15⑮ "100분의 100", 영농은 §16⑦ 동일). 위반유형별 차이는 기간이 아니라 곱셈 인자 — 1호(자산 40%↑ 처분)만 × 자산처분비율, 2·3·4호는 100%. 실무 문헌이 지금도 "기간별 추징율"이라는 용어를 쓰지만 현행 값은 100% 하나다. | D20: law.go.kr 원문 (verify_*.md) | E20: 🔴
A21: §3 확정 | B21: 3.3 가업상속·가업승계 (11·19장) | C21: 이자상당액 이자율은 두 제도가 2.6배 다르다 — 상증법 가업·영농상속공제 연 3.1%(1일 10만분의 8.49; 상증령 §15⑯3호 → 국기령 §43의3② 본문 → 국기칙 §19의3) vs 조특법 가업승계 증여특례 1일 10만분의 22(연 8.03%; 조특령 §27의6⑤3호 → §11의2⑩2호). 같은 표에 넣을 때 반드시 분리 표기. | D21: law.go.kr 원문 (verify_*.md) | E21: 🔴
A22: §3 확정 | B22: 3.3 가업상속·가업승계 (11·19장) | C22: 상증법이 인용하는 것은 국세환급가산금 이자율이지 납부지연가산세가 아니며, "제2항 본문"만 인용하므로 1.5배 단서 미적용. 조문이 "상속세의 부과 당시의 이자율"이라 못박으므로 부과 시점 단일 요율을 전 기간에 적용(기간을 잘라 나누지 않는다). | D22: law.go.kr 원문 (verify_*.md) | E22: 🟡
A23: §3 확정 | B23: 3.4 평가 (21·22장) | C23: 최대주주 할증은 일률 20%. "50% 초과 시 30%", "중소기업 10~15%"는 전부 폐지된 구법 — 게재 금지(2020.1.1.부터 단일 20%). 할증 제외: 중소기업·중견기업·3년 이상 계속 결손 법인. 중소기업 정의는 중소기업기본법 §2(조특법 아님). | D23: law.go.kr 원문 (verify_*.md) | E23: 🔴
A24: §3 확정 | B24: 3.4 평가 (21·22장) | C24: 제61조 제1항 제2호(건물) 현행 문언은 "~등을 고려하여"(참작하여 아님). | D24: law.go.kr 원문 (verify_*.md) | E24: 🟡
A25: §3 확정 | B25: 3.4 평가 (21·22장) | C25: 제63조 제1항 제1호 가목 — '유가증권시장·코스닥시장'은 법이 아니라 시행령 §52조의2 제1항에 명시. "거래소 최종 시세가액"("한국거래소"는 구법), "(거래실적 유무를 따지지 아니한다)"("불문한다" 아님), 매매 없는 날은 전일 기준 단서. | D25: law.go.kr 원문 (verify_*.md) | E25: 🟡
A26: §3 확정 | B26: 3.4 평가 (21·22장) | C26: 코스닥 상장주식은 현행법상 가목으로 평가. 다목은 삭제 <2016.12.20.> — 현행 조문으로 인용 금지. 기업공개 준비 중 주식은 §63②. | D26: law.go.kr 원문 (verify_*.md) | E26: 🟡
A27: §3 확정 | B27: 3.4 평가 (21·22장) | C27: 2개월 기간 계산 특례 = 시행령 §52조의2 제2항(제53조 아님). | D27: law.go.kr 원문 (verify_*.md) | E27: 🟡
... A32: §3 확정 | B32: 3.4 평가 (21·22장) | C32: 예산은 2026년 감액(2025년 96억 → 2026년 67억, 약 30%↓) — "증액" 서술 금지. | D32: law.go.kr 원문 (verify_*.md) | E32: 🟢
A34: ■ 확인 완료 — 그대로 사용 가능한 사실 (체크리스트 §7)
A35: §7 확정 | B35: 7.1 세율·세액 | C35: 세율표 §26: 10/20/30/40/50% + 누진공제 0/1천만/6천만/1.6억/4.6억 (국세청+법제처 법문식 산술 일치 검산) | D35: law.go.kr 원문 (verify_*.md)
A36: §7 확정 | B36: 7.1 세율·세액 | C36: 과세최저한 §25②: 과세표준 50만원 미만 부과 제외 | D36: law.go.kr 원문 (verify_*.md)
A37: §7 확정 | B37: 7.1 세율·세액 | C37: 세대생략 할증 §27: 30%, 미성년자 + 20억 초과 시 40%, 대습상속 제외 | D37: law.go.kr 원문 (verify_*.md)
A38: §7 확정 | B38: 7.1 세율·세액 | C38: 신고세액공제 §69: 3% (2019~) | D38: law.go.kr 원문 (verify_*.md)
A39: §7 확정 | B39: 7.1 세율·세액 | C39: 증여세 세율 = 상속세 세율 준용(§56) | D39: law.go.kr 원문 (verify_*.md)
A40: §7 확정 | B40: 7.1 세율·세액 | C40: 계산 사례 12-1·12-2·12-3: verify_calc.py PASS (2026-08-12, 검증자 재실행 exit 0) | D40: law.go.kr 원문 (verify_*.md)
A41: §7 확정 | B41: 7.2 공제 | C41: 기초공제 2억(§18) · 일괄공제 5억 선택 구조 · 무신고 시 5억 자동(§21①) · 배우자 단독상속 시 일괄공제 배제(§21②) | D41: law.go.kr 원문 (verify_*.md)
A42: §7 확정 | B42: 7.2 공제 | C42: 인적공제 §20: 자녀 5천만(태아 포함, 2023~) · 미성년 1천만 × 19세까지 · 연로 65세 5천만 · 장애인 1천만 × 기대여명 + 중복 규칙 | D42: law.go.kr 원문 (verify_*.md)
A43: §7 확정 | B43: 7.2 공제 | C43: 배우자공제 §19: 최소 5억(④) · 최대 30억 · 분할기한은 신고기한 다음날부터 9개월(②) · 부득이한 사유 6개월 추가(③) | D43: law.go.kr 원문 (verify_*.md)
A44: §7 확정 | B44: 7.2 공제 | C44: 금융재산상속공제 §22: 2천만 초과 시 max(20%, 2천만), 2천만 이하 전액, 2억 한도, 거주자 한정. 범위는 시행령 §19① | D44: law.go.kr 원문 (verify_*.md)
A45: §7 확정 | B45: 7.2 공제 | C45: 동거주택상속공제 §23의2: 100%·6억 (40%·5억, 80%·5억은 구법). 특례 3단: 법 §23의2② → 령 §20의2② → 규칙 §9의2 | D45: law.go.kr 원문 (verify_*.md)
A46: §7 확정 | B46: 7.2 공제 | C46: 재해손실공제 §23: '재난' 정의는 시행령 §20① | D46: law.go.kr 원문 (verify_*.md)
... A75: §7 확정 | B75: 7.6 절차·관할 | C75: 2025년 개정세법(2026.1.1. 시행)의 상증세법 개정은 §3의2·§44·§45의5·§48 4건뿐 — 상속공제 조항 개정 없음 | D75: law.go.kr 원문 (verify_*.md)
A77: ■ 기존 체크리스트에서 해소된 항목 (체크리스트 §6 — 이력)
A78: §6 이력 #1 | B78: 해소 | C78: 1장 — 2026.8. 현재 상증세법 최신 공포번호 확인 | D78: 법률 제21065호(시행 2026.1.2.)·시행령 제36131호·시행규칙(재정경제부령, 2026.3.20.)로 확정. 출처 verify_상속재산_상속공제_원문대조.md
A79: §6 이력 #2 | B79: 재등재 | C79: 1장 — 과세인원 절대 수치, 본문은 비율만 사용 ✓ | D79: 증량으로 절대 수치가 본문에 들어옴 → 1장 L155로 부활
A80: §6 이력 #3 | B80: 해소 | C80: 4장 — 보험금 간주상속 헌재 합헌 결정 사건번호 | D80: 사건번호를 인용하지 않고 법리만 서술하는 방침 확정. 현 원고에 해당 마커 없음
A81: §6 이력 #4 | B81: 해소(검증 완료) | C81: 5장 — 시행령 §11④ 추정상속재산 산식 | D81: 산식 원문 확정 → 5장 L93 참조
A82: §6 이력 #5 | B82: 해소 | C82: 5장 — 대법 94누15929 단일 출처 ✓ | D82: 인용 배제 확정(98두3075만 인용)
A83: §6 이력 #6 | B83: 해소(이관) | C83: 7장 — 영리법인 수유 시 주주 과세 세부 | D83: 4장 L164(지분상당액 산정 시행령 산식)로 통합
A84: §6 이력 #7 | B84: 해소 | C84: 8장 — 장애인공제 기대여명 통계표, 사례 8-1의 30년은 [가정] | D84: 원고 8.7에 "가정값"임이 명시됨. 통계표 작성 주체 "국가데이터처장"(2025.10.1.~)도 반영
A85: §6 이력 #8 | B85: 해소 | C85: 8장 — 2015 개정 전 인적공제 구 금액(연혁 각주 넣을 경우) | D85: 연혁 각주 미채택 — 선택 항목이었음
A86: §6 이력 #9 | B86: 해소(이관) | C86: 9장 — 사례 9-2의 증여세액공제 안분한도(§28②) | D86: 6장 L62(§28 한도 항 번호·산식·안분)로 통합. 사례 9-2의 단순화 전제는 본문에 명시됨
A87: §6 이력 #10 | B87: 해소(검증 완료) | C87: 11장 — 가업상속 사후관리 기간별 추징률·이자상당액 세부 | D87: 현행법에 기간별 표 없음, 일률 100%(시행령 §15⑮)·이자율 연 3.1% 원문 확정. 출처 verify_가업상속_추징률_이자상당액.md
A88: §6 이력 #11 | B88: 해소 | C88: 12장 — 유산취득세 계류 법안 의안번호(각주용·선택) | D88: 각주 미채택. 유산취득세 자체는 §2 개정 감시로 유지
A89: §6 이력 #12 | B89: 해소(이관) | C89: 14~16장 — 령§26 항번호 배치 | D89: 15장 L75(순차·안분 공제의 근거 시행령 조문·항번호)로 통합

Sheet ⑤ 조문 인용 색인
A1: 법령·조문 | B1: 등장 장 | C1: law.go.kr 대조 (기입) | D1: 비고
A2: 국세기본법 §18③ | B2: 02장
A3: 국세기본법 §26의2 | B3: 25장
A4: 국세기본법 §45 | B4: 25장
A5: 국세기본법 §47의3④ | B5: 23장
A6: 국세기본법 §47의4 | B6: 23장
A7: 민법 §1000 | B7: 03장
A8: 민법 §1004의2 | B8: 03장
A9: 민법 제1001조 | B9: 12장
A10: 민법 제1009조 | B10: 09장
A11: 상증세법 §35 | B11: 14, 16장
A12: 상증세법 §61 | B12: 22장
A13: 상증세법 §63 | B13: 22장
... A153: 조세특례제한법 §30의6 | B153: 19장

Sheet ⑥ 핵심 수치 30선
A1: 수치·규정 (책 기재) | B1: 근거 | C1: 장 | D1: law.go.kr 대조 (기입) | E1: 비고
A2: 세율표 10~50% + 누진공제 0/1천만/6천만/1.6억/4.6억 | B2: §26 | C2: 12장·부록C
A3: 기초공제 2억 / 일괄공제 5억 | B3: §18·§21 | C3: 8장
A4: 자녀 5천만·미성년 1천만×(19-나이)·연로 65세 5천만·장애인 1천만×기대여명 | B4: §20 | C4: 8장
A5: 배우자공제 최소 5억~최대 30억·분할기한 신고기한+9개월 | B5: §19 | C5: 9장
A6: 금융재산공제 max(20%,2천만)·한도 2억 | B6: §22 | C6: 10장
A7: 동거주택 100%·6억 | B7: §23의2 | C7: 10장
A8: 가업상속 300/400/600억·사후관리 5년·고용 90% | B8: §18의2 | C8: 11장
A9: 세대생략 할증 30%(미성년 20억↑ 40%) | B9: §27 | C9: 12장
A10: 신고세액공제 3% | B10: §69 | C10: 12장
A11: 추정상속재산 1년 2억/2년 5억·산입=미소명−min(20%,2억) | B11: §15·령§11 | C11: 5장
A12: 사전증여 합산 상속인 10년/그 외 5년 | B12: §13 | C12: 6장
A13: 장례비 500만 기본·1천만 한도+봉안 500만 | B13: §14·령§9 | C13: 7장
... A33: 유류분 개정 2026.2. (상실사유·가액반환) | B33: 민법 개정 | C33: 3장 ★법률번호 확인
