Workbook

Sheet ① 작업표
A1: 연번 | B1: 장 | C1: 절·위치 | D1: 우선순위 | E1: 확인 항목 (마커 원문) | F1: 확인해야 할 조문·출처 | G1: 확인 내용 (체크리스트) | H1: 원고 위치 | I1: 상태 | J1: 확인 결과 기재란 | K1: 근거 URL·법령버전 | L1: 확인자 | M1: 확인일 | N1: 비고 | O1: 키 | P1: 자동판정
A2: 1 | B2: 0 | C2: 그 밖의 표기 | D2: 🟢 보완 | E2: [검증필요 — 사유] | G2: 사유 | H2: 00_서문.md L49 | I2: 미확인 | O2: 0|L0049|1 | P2: 미확인
A3: 2 | B3: 0 | C3: 그 밖의 표기 | D3: 🟡 중요 | E3: [검증필요] | G3: 는 이 책의 약점이 아니라 신뢰의 근거다.** 확인하지 못한 것을 확인한 것처럼 쓰지 않고 그 자리에 표시해 둔다는 뜻이며, 독자에게는 그 항목만은 관할 관청이나 법령 원문으로 스스로 확인하라는 안내다. | H3: 00_서문.md L52 | I3: 미확인 | O3: 0|L0052|1 | P3: 미확인
A4: 3 | B4: 1 | C4: 1.1.3 연혁 | D4: 🟢 보완 | E4: [검증필요] | G4: . 2005년 개정으로 종합토지세가 폐지되고 토지분 재산세로 통합되었다 ` | H4: 01_보유세_전체그림.md L25 | I4: 미확인 | O4: 1|L0025|1 | P4: 미확인
A5: 4 | B5: 1 | C5: 1.1.3 연혁 | D5: 🟡 중요 | E5: [검증필요 — 개정 법률 호수·시행일] | G5: 개정 법률 호수·시행일 | H5: 01_보유세_전체그림.md L25 | I5: 미확인 | O5: 1|L0025|2 | P5: 미확인
A6: 5 | B6: 1 | C6: 1.3.1 과세기준일 6월 1일 | D6: 🟢 보완 | E6: [검증필요 — 입법 취지] | G6: 입법 취지 | H6: 01_보유세_전체그림.md L73 | I6: 미확인 | O6: 1|L0073|1 | P6: 미확인
A7: 6 | B7: 1 | C7: 1.5 자주 묻는 질문 | D7: 🔴 최우선 | E7: [검증필요 — 보통징수 재산세에 대한 경정청구 가부] | G7: 보통징수 재산세에 대한 경정청구 가부 | H7: 01_보유세_전체그림.md L204 | I7: 미확인 | O7: 1|L0204|1 | P7: 미확인
A8: 7 | B8: 2 | C8: (5) 주택과 부속토지 | D8: 🟢 보완 | E8: [검증필요] | G8: 판결문 원문 미대조). 주택 수 산정은 (→ 제9장)에서 다룬다. | H8: 02_재산세_과세대상.md L75 | I8: 미확인 | O8: 2|L0075|1 | P8: 미확인
A9: 8 | B9: 2 | C9: (6) 겸용주택 | D9: 🟡 중요 | E9: [검증필요] | G9: 제2호의2와 제106조 제3항의 신설 연월일은 확인되지 않았다. | H9: 02_재산세_과세대상.md L99 | I9: 미확인 | O9: 2|L0099|1 | P9: 미확인
A10: 9 | B10: 2 | C10: (1) 리딩 판례 | D10: 🟢 보완 | E10: [검증필요] | G10: 판결문 원문 미취득). ### (2) 사례 2-1: 1층은 가게, 3층은 살림집 — 겸용주택의 세 갈래 과세 가상의 사례이며, 실제 사안은 전문가 확인이 필요하다. | H10: 02_재산세_과세대상.md L154 | I10: 미확인 | O10: 2|L0154|1 | P10: 미확인
A11: 10 | B11: 2 | C11: (3) 사례 2-2: 건물을 철거하자 세부담이 증가한다 | D11: 🔴 최우선 | E11: [검증필요] | G11: 기준일·항 번호 미대조). ③ 제113조 제1항 단서(재산세 경감분의 과세표준 공제)를 매개로 그 부분이 분리과세 대상인지를 둘러싼 분쟁이 2021년 이후 계속되며 하급심 결론이 갈린다. | H11: 02_재산세_과세대상.md L229 | I11: 미확인 | O11: 2|L0229|1 | P11: 미확인
A12: 11 | B12: 2 | C12: (3) 사례 2-2: 건물을 철거하자 세부담이 증가한다 | D12: 🟢 보완 | E12: [검증필요] | G12: 이 판례군은 원문 미확보로 사건번호를 표기하지 않았다. | H12: 02_재산세_과세대상.md L231 | I12: 미확인 | O12: 2|L0231|1 | P12: 미확인
A13: 12 | B13: 3 | C13: 3.2.2 6월 1일 판정 | D13: 🟡 중요 | E13: [검증필요] | F13: 시행령 제20조 제2항 | G13: 계약상 잔금지급일과 사실상 잔금지급일이 다를 때 사실상 잔금지급일을 기준으로 판단한 조세심판원 결정례가 있다고 알려져 있으나 결정번호와 결정일자를 확인하지 못했다. 결론은 시행령 제20조 제2항만으로 완결된다. | H13: 03_재산세_납세의무자.md L48 | I13: 미확인 | O13: 3|L0048|1 | P13: 미확인
A14: 13 | B14: 3 | C14: 3.2.3 신탁재산 | D14: 🟢 보완 | E14: [검증필요] | G14: ) | H14: 03_재산세_납세의무자.md L56 | I14: 미확인 | O14: 3|L0056|1 | P14: 미확인
A15: 14 | B15: 3 | C15: 3.2.3 신탁재산 | D15: 🟢 보완 | E15: [검증필요 — 판결문 본문 미취득] | G15: 판결문 본문 미취득 | H15: 03_재산세_납세의무자.md L62 | I15: 미확인 | O15: 3|L0062|1 | P15: 미확인
A16: 15 | B16: 3 | C16: 3.4.3 판례 | D16: 🟢 보완 | E16: [검증필요] | F16: 대법원 2024. 3. 28. · 2024두30281 | G16: 과세기준일 이후 상속재산분할심판이 확정된 경우 그 소급효가 지나간 과세기준일의 판정을 바꿀 수 있는지가 다투어진 사건이 있다(대법원 2024. 3. 28. 선고 2024두30281 판결). 다만 심리불속행 기각이어서 실체 판단 이유가 판결문에 나타나지 않으며 원심 판결문도 확보하지 못했다. | H16: 03_재산세_납세의무자.md L147 | I16: 미확인 | O16: 3|L0147|1 | P16: 미확인
A17: 16 | B17: 4 | C17: 4.2.2 건축물에는 공시가격이 없다 | D17: 🔴 최우선 | E17: [검증필요] | G17: 기준가격·경과연수별 잔가율 등 세부 산정 기준은 행정안전부 기준의 영역이라 수치는 다루지 않는다. | H17: 04_재산세_과세표준.md L67 | I17: 미확인 | O17: 4|L0067|1 | P17: 미확인
A18: 17 | B18: 4 | C18: 4.2.2 건축물에는 공시가격이 없다 | D18: 🟢 보완 | E18: [검증필요] | G18: (사유 미기재 — 원고 확인 필요) | H18: 04_재산세_과세표준.md L68 | I18: 미확인 | O18: 4|L0068|1 | P18: 미확인
A19: 18 | B19: 4 | C19: 4.3.1 절차 총괄표 | D19: 🟢 보완 | E19: [검증필요] | G19: (사유 미기재 — 원고 확인 필요) | H19: 04_재산세_과세표준.md L152 | I19: 미확인 | O19: 4|L0152|1 | P19: 미확인
A20: 19 | B20: 4 | C20: 4.3.2 공시기준일이 달라지는 경우 | D20: 🟡 중요 | E20: [검증필요] | G20: "1~6월 중 지목변경된 토지의 새 개별공시지가는 그 해 6월 1일 과세에 반영되지 않는다"는 결론이 도출되는 듯하나 조문의 추론일 뿐 판례·예규로 확인한 명제가 아니다. 이 책은 "기준일이 달라 적용 연도가 어긋날 수 있다"까지만 서술한다. | H20: 04_재산세_과세표준.md L162 | I20: 미확인 | O20: 4|L0162|1 | P20: 미확인
A21: 20 | B21: 4 | C21: 4.3.3 계산 순서도 | D21: 🟡 중요 | E21: [검증필요] | G21: 위 순서는 조문의 문언을 배열한 것이며 "이 순서로 적용한다"고 명시한 조문· 판례를 확인한 것은 아니다. | H21: 04_재산세_과세표준.md L174 | I21: 미확인 | O21: 4|L0174|1 | P21: 미확인
A22: 21 | B22: 4 | C22: 4.3.3 계산 순서도 | D22: 🔴 최우선 | E22: [검증필요] | F22: §122 | G22: 세부담상한을 일반 재산세액과 도시지역분에 각각 따로 거는지 합산액에 한 번 거는지도 문제된다 — §122 본문이 "제112조 제1항 제1호·제2호 및 같은 조 제2항에 따른 각각의 세액"이라 정하므로 각각 따로 적용하는 구조로 읽히나 이를 확인한 판례를 취득하지 못했다. | H22: 04_재산세_과세표준.md L175 | I22: 미확인 | O22: 4|L0175|1 | P22: 미확인
A23: 22 | B23: 4 | C23: 사례 4-2 | D23: 🟢 보완 | E23: [검증필요] | G23: 위 (2)는 세부담상한의 적용 단위 쟁점을 피하려고 도시지역분을 넣지 않았다. | H23: 04_재산세_과세표준.md L248 | I23: 미확인 | O23: 4|L0248|1 | P23: 미확인
A24: 23 | B24: 4 | C24: 4.4.2 판례 | D24: 🟡 중요 | E24: [검증필요] | F24: 2012두11843 · 2007두13159 | G24: 2012두11843의 하자승계 법리는 원심의 판시이고 대법원은 심리불속행 기각으로 확정하였을 뿐이므로 "대법원이 판시하였다"고 써서는 안 되며, 원심이 인용한 2007두13159 · 95누10075는 사건번호만 기재한다. | H24: 04_재산세_과세표준.md L283 | I24: 미확인 | O24: 4|L0283|1 | P24: 미확인
A25: 24 | B25: 4 | C25: 4.4.2 판례 | D25: 🟢 보완 | E25: [검증필요] | G25: 93누8542는 국가법령정보센터로 원문을 확보하지 못했다. | H25: 04_재산세_과세표준.md L285 | I25: 미확인 | O25: 4|L0285|1 | P25: 미확인
A26: 25 | B26: 4 | C26: 4.4.2 판례 | D26: 🟢 보완 | E26: [검증필요] | F26: 2017두37253 · 2012두10086 · 2007두13180 | G26: 2017두37253의 원심이 원용한 2012두10086 · 2007두13180도 판결문 기재 형태로만 확인하였다. | H26: 04_재산세_과세표준.md L286 | I26: 미확인 | O26: 4|L0286|1 | P26: 미확인
A27: 26 | B27: 4 | C27: 4.4.2 판례 | D27: 🟢 보완 | E27: [검증필요] | F27: 2020두46301 · 2016두42395 · 2015두41890 | G27: 2020두46301은 심리불속행 여부를 확인하지 못했고, 2016두42395 · 2015두41890은 요지를 취득하지 못해 결론을 서술하지 않는다. | H27: 04_재산세_과세표준.md L287 | I27: 미확인 | O27: 4|L0287|1 | P27: 미확인
A28: 27 | B28: 5 | C28: 5.2.1 주택 | D28: 🟡 중요 | E28: [검증필요] | F28: 법률 제17769호 · §111의2 | G28: 부칙(법률 제17769호, 2020.12.29) 제2조는 §111의2 개정규정을 시행일부터 6년이 되는 날까지 성립한 납세의무에 한정한다. | H28: 05_재산세_세율.md L65 | I28: 미확인 | O28: 5|L0065|1 | P28: 미확인
A29: 28 | B29: 5 | C29: 5.2.2 건축물 | D29: 🟡 중요 | E29: [검증필요] | G29: 「남녀를 불문하며」가 삽입된 개정 시점·대통령령 호수는 확정하지 못했다. | H29: 05_재산세_세율.md L90 | I29: 미확인 | O29: 5|L0090|1 | P29: 미확인
A30: 29 | B30: 5 | C30: 5.2.4 세율을 「어느 단위」에 적용하는가 | D30: 🟡 중요 | E30: [검증필요] | F30: §113③ · §107① | G30: 이 순서는 §113③과 §107①을 결합해 도출한 것으로, 명시한 단일 조문은 확인하지 못했다. | H30: 05_재산세_세율.md L111 | I30: 미확인 | O30: 5|L0111|1 | P30: 미확인
A31: 30 | B31: 5 | C31: 5.3.1 조문의 순서에 따른 계산 흐름 | D31: 🟡 중요 | E31: [검증필요] | G31: 위 흐름은 각 조문의 문언을 배열한 것이며, 「이 순서로 계산한다」고 명시한 조문이나 판례를 확인한 것은 아니다. | H31: 05_재산세_세율.md L165 | I31: 미확인 | O31: 5|L0165|1 | P31: 미확인
A32: 31 | B32: 5 | C32: 5.3.2 ★ 주택은 세부담상한이 아니라 과세표준상한제다 | D32: 🟡 중요 | E32: [검증필요] | G32: 이 적용 단위는 조문 문언에서 도출한 해석이며 실무 취급과 대조하지 못했다. | H32: 05_재산세_세율.md L190 | I32: 미확인 | O32: 5|L0190|1 | P32: 미확인
A33: 32 | B33: 5 | C33: 5.3.2 ★ 주택은 세부담상한이 아니라 과세표준상한제다 | D33: 🟢 보완 | E33: [검증필요] | F33: §147② · §122 | G33: 소방분 지역자원시설세의 세부담상한 적용 여부 — §147②은 "§122 본문"만 준용해 주택 배제 단서가 따라오는지 불명확하다. | H33: 05_재산세_세율.md L192 | I33: 미확인 | O33: 5|L0192|1 | P33: 미확인
A34: 33 | B34: 5 | C34: 5.3.3 ★ 「표준세율로 계산한 세액」과 「실제 부과세액」의 구분 | D34: 🔴 최우선 | E34: [검증필요] | G34: 이 산식은 법령 원문이 이미지와 텍스트를 병기한 형태여서, 분자·분모 배치를 종이 법령집으로 최종 대조할 필요가 있다(→ 제13장에서 재확인). 📌 개정 예고 (확정 아님 · 2026-08 입법 진행 중) — 2026년 세제개편안은 종부세 기본공제 이원화 (실거주 14억 / 비거주 9억), 공정시 | H34: 05_재산세_세율.md L225 | I34: 미확인 | O34: 5|L0225|1 | P34: 미확인
A35: 34 | B35: 5 | C35: 5.3.3 ★ 「표준세율로 계산한 세액」과 「실제 부과세액」의 구분 | D35: 🔴 최우선 | E35: [검증필요] | G35: --- ## 5.4 판례·사례 ### 5.4.1 계산 사례 아래 세 사례는 verify_calc.py 기계 검산을 통과한 것이며 세율은 전부 법령 원문 확인분이다. | H35: 05_재산세_세율.md L231 | I35: 미확인 | O35: 5|L0231|1 | P35: 미확인
A36: 35 | B36: 5 | C36: 사례 5-2 · 고지서 한 장의 해부 | D36: 🟡 중요 | E36: [검증필요] | G36: 도시지역분·지방교육세·지역자원시설세도 7월·9월로 반분되는지는 조문으로 확정하지 못했다. | H36: 05_재산세_세율.md L286 | I36: 미확인 | O36: 5|L0286|1 | P36: 미확인
A37: 36 | B37: 5 | C37: 5.4.2 판례 | D37: 🟢 보완 | E37: [검증필요] | F37: 2019두56357 · 2023두47435 | G37: 2019두56357과 2023두47435의 결론이 갈린 이유는 확정하지 못했다. | H37: 05_재산세_세율.md L327 | I37: 미확인 | O37: 5|L0327|1 | P37: 미확인
A38: 37 | B38: 5 | C38: 5.4.2 판례 | D38: 🟡 중요 | E38: [검증필요] | F38: §106② | G38: §106②2의2 적용 시 세부담이 늘어나는지 줄어드는지는 조문에서 단정할 수 없다. | H38: 05_재산세_세율.md L328 | I38: 미확인 | O38: 5|L0328|1 | P38: 미확인
A39: 38 | B39: 5 | C39: 5.4.3 판례 | D39: 🟢 보완 | E39: [검증필요] | G39: 두 「미집행」을 같은 것으로 서술해서는 안 되며, 원용 가능성과 심리불속행 여부도 미확정이다. | H39: 05_재산세_세율.md L353 | I39: 미확인 | O39: 5|L0353|1 | P39: 미확인
A40: 39 | B40: 5 | C40: 5.4.3 판례 | D40: 🟡 중요 | E40: [검증필요] | F40: 2007두10303 · 2017두59154 · 2012두17568 | G40: 2007두10303(2017두59154 원심 인용)은 원문 미취득으로 사건번호만 기재하며, 2012두17568의 심리불속행 여부도 확인하지 못했다. | H40: 05_재산세_세율.md L356 | I40: 미확인 | O40: 5|L0356|1 | P40: 미확인
A41: 40 | B41: 5 | C41: 5.4.3 판례 | D41: 🟢 보완 | E41: [검증필요] | F41: 2016두50754 | G41: 2016두50754는 신탁부동산의 분리과세·감면을 재산세 납세의무자 기준으로 판단한다는 법리를 냈으나 당시 납세의무자가 수탁자였던 법 상태를 전제한다. | H41: 05_재산세_세율.md L358 | I41: 미확인 | O41: 5|L0358|1 | P41: 미확인
A42: 41 | B42: 5 | C42: 5.4.3 판례 | D42: 🟢 보완 | E42: [검증필요] | G42: 법제처 법령해석례 13-0160·21-0659는 회신 본문 미취득으로 결론을 쓰지 않는다. | H42: 05_재산세_세율.md L361 | I42: 미확인 | O42: 5|L0361|1 | P42: 미확인
A43: 42 | B43: 6 | C43: 6.2.4 조례 감면 | D43: 🟢 보완 | E43: [검증필요 — 서울 25개 자치구 구세 감면 조례 미조회. 개별 구의 감면율은 관할 구 조례로 확인] | G43: 서울 25개 자치구 구세 감면 조례 미조회. 개별 구의 감면율은 관할 구 조례로 확인 | H43: 06_재산세_비과세감면.md L123 | I43: 미확인 | O43: 6|L0123|1 | P43: 미확인
A44: 43 | B44: 6 | C44: 6.3 실무 절차 | D44: 🔴 최우선 | E44: [검증필요 — 보통징수 재산세에 대한 경정청구 가부] | G44: 보통징수 재산세에 대한 경정청구 가부 | H44: 06_재산세_비과세감면.md L133 | I44: 미확인 | O44: 6|L0133|1 | P44: 미확인
A45: 44 | B45: 6 | C45: 6.3 실무 절차 | D45: 🔴 최우선 | E45: [검증필요 — 감면세액을 지방교육세 과세표준에 반영하는 방식에 관한 행정안전부 운영 기준 미조회] | F45: 시행령 제123조의2 | G45: 재산세 감면 추징 시 이자상당액을 가산하는 개별 조문의 존부. 취득세에는 시행령 제123조의2에 계산 규정이 있으나 재산세에는 일반 규정이 없다 | H45: 06_재산세_비과세감면.md L175 | I45: 미확인 | O45: 6|L0142|1 | P45: 미확인
A46: 45 | B46: 6 | C46: 6.4.1 계산 사례 | D46: 🔴 최우선 | E46: [검증필요 — 50만 원 판정에 도시지역분(「지방세법」 제112조 제1항 제2호) 세액이 포함되는지 여부] | G46: 감면세액을 지방교육세 과세표준에 반영하는 방식에 관한 행정안전부 운영 기준 미조회 | H46: 06_재산세_비과세감면.md L191 | I46: 미확인 | O46: 6|L0175|1 | P46: 미확인
A47: 46 | B47: 6 | C47: 6.4.1 계산 사례 | D47: 🔴 최우선 | E47: [검증필요 — 일몰이 2026년 12월 31일인 감면(제20조 무료 노인복지시설 등)의 연장 여부] | G47: 50만 원 판정에 도시지역분(「지방세법」 제112조 제1항 제2호) 세액이 포함되는지 여부 | H47: 06_재산세_비과세감면.md L242 | I47: 미확인 | O47: 6|L0191|1 | P47: 미확인
A48: 47 | B48: 6 | C48: 6.6 이 장의 핵심 체크리스트 | D48: 🟡 중요 | E48: [검증필요 — 제179조 토지 경감의 실무 적용 방식(과세표준 차감형인지 세액 경감형인지)] | F48: 법률 제21738호 | G48: 인용한 「지방세특례제한법」 현행본은 2026년 6월 2일 시행분(법률 제21738호)으로 과세 기준일보다 하루 늦다. 6월 1일 성립분 적용 판(版)과의 동일성을 부칙으로 대조할 것 | H48: 06_재산세_비과세감면.md L243 | I48: 미확인 | O48: 6|L0240|1 | P48: 미확인
A49: 48 | B49: 6 | C49: 6.6 이 장의 핵심 체크리스트 | D49: 🟡 중요 | G49: 일몰이 2026년 12월 31일인 감면(제20조 무료 노인복지시설 등)의 연장 여부 | H49: (원고에서 마커 미발견) | I49: 미확인 | O49: 6|L0242|1 | P49: 미확인
A50: 49 | B50: 6 | C50: 6.6 이 장의 핵심 체크리스트 | D50: 🔴 최우선 | G50: 제179조 토지 경감의 실무 적용 방식(과세표준 차감형인지 세액 경감형인지) | H50: (원고에서 마커 미발견) | I50: 미확인 | O50: 6|L0243|1 | P50: 미확인
A51: 50 | B51: 7 | C51: 7.2.3 납부지연가산세 | D51: 🟡 중요 | E51: [검증필요] | G51: 통합 개정의 법률 호수·시행일과 경과규정은 미확인이므로 폐지 연도를 기재하지 않는다. 💡 세무 전문가 심화 — 제57조 제2항 제1호·제2호의 수정신고·기한후신고 가산세 감면은 신고납부 세목의 장치여서 재산세 상담에 원용하면 부정확하다. | H51: 07_재산세_부과징수.md L78 | I51: 미확인 | O51: 7|L0078|1 | P51: 미확인
A52: 51 | B52: 7 | C52: 7.2.3 납부지연가산세 | D52: 🟡 중요 | E52: [검증필요] | G52: 재산세에 제53조·제54조 가산세가 적용되지 않는다는 결론은 조문 구조상의 귀결이며, 행정안전부 운영 기준의 명문 근거와 제120조 신고의무 위반 시 수정신고 가능 여부는 미확인이다. | H52: 07_재산세_부과징수.md L82 | I52: 미확인 | O52: 7|L0082|1 | P52: 미확인
A53: 52 | B53: 7 | C53: 7.2.4 시정하는 경로 | D53: 🔴 최우선 | E53: [검증필요] | G53: 보통징수 재산세에 대한 경정청구 가부 | H53: 07_재산세_부과징수.md L191 | I53: 미확인 | O53: 7|L0093|1 | P53: 미확인
A54: 53 | B54: 7 | C54: 7.4.2 판례 | D54: 🟡 중요 | E54: [검증필요] | G54: 제119조의2의 신설 시점은 미확인이라 판결과의 선후만 기재한다. | H54: 07_재산세_부과징수.md L194 | I54: 미확인 | O54: 7|L0191|1 | P54: 미확인
A55: 54 | B55: 7 | C55: 7.4.2 판례 | D55: 🟡 중요 | E55: [검증필요] | G55: 사건번호·쟁점까지만 확인했고 판시 이유는 미취득이라 결론을 인용하지 않는다. 취소를 구할 것인가, 무효 확인과 부당이득반환을 구할 것인가도 선택의 문제다. | H55: 07_재산세_부과징수.md L201 | I55: 미확인 | O55: 7|L0194|1 | P55: 미확인
A56: 55 | B56: 7 | C56: 7.4.2 판례 | D56: 🟢 보완 | E56: [검증필요] | G56: 이 사건군은 판시 요지 미취득·하급심 계속 중이므로 확정된 법리로 서술하지 않는다(→ 제6장). --- ## 7.5 자주 묻는 질문 **Q1. 재산세를 카드로 냈다. | H56: 07_재산세_부과징수.md L211 | I56: 미확인 | O56: 7|L0201|1 | P56: 미확인
A57: 56 | B57: 7 | C57: 7.5 자주 묻는 질문 | D57: 🔴 최우선 | G57: 제1항 제3호의 "대통령령으로 정하는 지방자치단체의 징수금" 범위와 「지방세특례제한법」 제92조의2 자동이체 세액공제의 금액·한도는 미조사다. | H57: (원고에서 마커 미발견) | I57: 미확인 | O57: 7|L0211|1 | P57: 미확인
A58: 57 | B58: 8 | C58: 8.2.3 ★ 「주택 수」는 하나가 아니라 두 트랙이다 | D58: 🟢 보완 | E58: [검증필요 — 조심2022서6437 결정문 원문 미확보] | F58: 조심2022서6437 | G58: 조심2022서6437 결정문 원문 미확보 | H58: 08_종부세_구조와_납세의무자.md L52 | I58: 미확인 | O58: 8|L0052|1 | P58: 미확인
A59: 58 | B59: 8 | C59: 8.3.1 납세의무자 판정 | D59: 🟢 보완 | E59: [검증필요 — 순위 규정 미확인] | G59: 순위 규정 미확인 | H59: 08_종부세_구조와_납세의무자.md L66 | I59: 미확인 | O59: 8|L0066|1 | P59: 미확인
A60: 59 | B60: 8 | C60: 8.3.1 납세의무자 판정 | D60: 🟢 보완 | E60: [검증필요 — 95누17052 DB 텍스트 혼입, 원문 대조] | G60: 95누17052 DB 텍스트 혼입, 원문 대조 | H60: 08_종부세_구조와_납세의무자.md L71 | I60: 미확인 | O60: 8|L0071|1 | P60: 미확인
A61: 60 | B61: 8 | C61: 8.3.2 신탁재산 | D61: 🟡 중요 | E61: [검증필요 — 법 제7조의2·제12조의2 조문 전문 미확보] | F61: 법 제7조의2 | G61: 법 제7조의2·제12조의2 조문 전문 미확보 | H61: 08_종부세_구조와_납세의무자.md L85 | I61: 미확인 | O61: 8|L0085|1 | P61: 미확인
A62: 61 | B62: 8 | C62: 8.3.2 신탁재산 | D62: 🟢 보완 | E62: [검증필요 — 조세심판원 결정문 원문 미확보] | G62: 조세심판원 결정문 원문 미확보 | H62: 08_종부세_구조와_납세의무자.md L87 | I62: 미확인 | O62: 8|L0087|1 | P62: 미확인
A63: 62 | B63: 8 | C63: 8.4.2 헌법재판소 2008. 11. 13. 선고 2006헌바112 등 결정 | D63: 🟢 보완 | E63: [검증필요 — 후속 결정 다수, 개별 사건 미확인] | G63: 후속 결정 다수, 개별 사건 미확인 | H63: 08_종부세_구조와_납세의무자.md L145 | I63: 미확인 | O63: 8|L0145|1 | P63: 미확인
A64: 63 | B64: 8 | C64: 8.4.3 함께 읽어야 할 판례 | D64: 🟢 보완 | E64: [검증필요 — 2024두30281 원심 이유 원문 대조] | F64: 2024두30281 | G64: 2024두30281 원심 이유 원문 대조 | H64: 08_종부세_구조와_납세의무자.md L149 | I64: 미확인 | O64: 8|L0149|1 | P64: 미확인
A65: 64 | B65: 8 | C65: 8.4.3 함께 읽어야 할 판례 | D65: 🟢 보완 | E65: [검증필요 — 공유 판례 미확보] | G65: 공유 판례 미확보 | H65: 08_종부세_구조와_납세의무자.md L149 | I65: 미확인 | O65: 8|L0149|2 | P65: 미확인
A66: 65 | B66: 9 | C66: 9.2.2 1세대 1주택자 | D66: 🟢 보완 | E66: [검증필요 — 지방 저가주택 지정지역 고시 미조회] | G66: 지방 저가주택 지정지역 고시 미조회 | H66: 09_주택수_1세대1주택.md L42 | I66: 미확인 | O66: 9|L0042|1 | P66: 미확인
A67: 66 | B67: 9 | C67: 9.2.3 ★ 두 트랙의 제외 목록이 다르다 | D67: 🟡 중요 | E67: [검증필요 — 바목의 부령 요건 미조회] | G67: 바목의 부령 요건 미조회 | H67: 09_주택수_1세대1주택.md L58 | I67: 미확인 | O67: 9|L0058|1 | P67: 미확인
A68: 67 | B68: 9 | C68: 9.3.1 판정의 다섯 단계와 쟁점 물건 | D68: 🟡 중요 | E68: [검증필요 — §106③ 단서의 대통령령 요건 미조회] | F68: §106③ | G68: §106③ 단서의 대통령령 요건 미조회 | H68: 09_주택수_1세대1주택.md L75 | I68: 미확인 | O68: 9|L0075|1 | P68: 미확인
A69: 68 | B69: 9 | C69: 9.3.1 판정의 다섯 단계와 쟁점 물건 | D69: 🟢 보완 | E69: [검증필요 — 대법원 2010두23910 판결 이유 미확보] | F69: 2010두23910 | G69: 대법원 2010두23910 판결 이유 미확보 | H69: 09_주택수_1세대1주택.md L75 | I69: 미확인 | O69: 9|L0075|2 | P69: 미확인
A70: 69 | B70: 9 | C70: 9.3.2 신청과 사후 추징 | D70: 🟢 보완 | E70: [검증필요 — 신청 기한의 법적 성격 및 도과 시 구제 판례 미확보] | G70: 신청 기한의 법적 성격 및 도과 시 구제 판례 미확보 | H70: 09_주택수_1세대1주택.md L88 | I70: 미확인 | O70: 9|L0088|1 | P70: 미확인
A71: 70 | B71: 9 | C71: 9.3.2 신청과 사후 추징 | D71: 🟡 중요 | E71: [검증필요 — 「국세기본법」 제45조의2 원문 미취득, 청구기간 서술 보류] | G71: 「국세기본법」 제45조의2 원문 미취득, 청구기간 서술 보류 | H71: 09_주택수_1세대1주택.md L88 | I71: 미확인 | O71: 9|L0088|2 | P71: 미확인
A72: 71 | B72: 9 | C72: 9.4.3 함께 읽을 판단들 | D72: 🟢 보완 | E72: [검증필요 — 조심2022서6437 결정문 원문 대조] | F72: 조심2022서6437 | G72: 조심2022서6437 결정문 원문 대조 | H72: 09_주택수_1세대1주택.md L134 | I72: 미확인 | O72: 9|L0134|1 | P72: 미확인
A73: 72 | B73: 9 | C73: 9.4.3 함께 읽을 판단들 | D73: 🟢 보완 | E73: [검증필요 — 2024두30281 원심 이유 원문 대조] | F73: 2024두30281 | G73: 2024두30281 원심 이유 원문 대조 | H73: 09_주택수_1세대1주택.md L136 | I73: 미확인 | O73: 9|L0136|1 | P73: 미확인
A74: 73 | B74: 9 | C74: 9.4.3 함께 읽을 판단들 | D74: 🟢 보완 | E74: [검증필요 — 다가구주택 관련 종부세 사건 미확보] | G74: 다가구주택 관련 종부세 사건 미확보 | H74: 09_주택수_1세대1주택.md L136 | I74: 미확인 | O74: 9|L0136|2 | P74: 미확인
A75: 74 | B75: 10 | C75: 10.2-2 현재 신규 진입이 열려 있는 유형 | D75: 🟢 보완 | E75: [검증필요 — 령 §3①8호 나목 3)·4) 원문 절단] | F75: §3①8호 | G75: 령 §3①8호 나목 3)·4) 원문 절단 | H75: 10_합산배제.md L40 | I75: 미확인 | O75: 10|L0040|1 | P75: 미확인
A76: 75 | B76: 10 | C76: 10.2-2 현재 신규 진입이 열려 있는 유형 | D76: 🟢 보완 | E76: [검증필요 — 6년 단기민간임대주택 시행 현황] | G76: 6년 단기민간임대주택 시행 현황 | H76: 10_합산배제.md L40 | I76: 미확인 | O76: 10|L0040|2 | P76: 미확인
A77: 76 | B77: 10 | C77: 10.2-4 사원용주택등 | D77: 🟡 중요 | E77: [검증필요 — 령 §4①3호 「미분양 주택」 위임 부령 미조회] | F77: §4①3호 | G77: 령 §4①3호 「미분양 주택」 위임 부령 미조회 | H77: 10_합산배제.md L60 | I77: 미확인 | O77: 10|L0060|1 | P77: 미확인
A78: 77 | B78: 10 | C78: 10.2-4 사원용주택등 | D78: 🟡 중요 | E78: [검증필요 — 부령 명칭 통일] | G78: 부령 명칭 통일 | H78: 10_합산배제.md L62 | I78: 미확인 | O78: 10|L0062|1 | P78: 미확인
A79: 78 | B79: 10 | C79: 10.4-4 판례의 흐름 | D79: 🔴 최우선 | E79: [검증필요 — 미신고 시 경정청구 가부] | G79: 미신고 시 경정청구 가부 | H79: 10_합산배제.md L153 | I79: 미확인 | O79: 10|L0153|1 | P79: 미확인
A80: 79 | B80: 10 | C80: 10.4-4 판례의 흐름 | D80: 🟢 보완 | E80: [검증필요 — 판결·결정문 본문 대조] | G80: 판결·결정문 본문 대조 | H80: 10_합산배제.md L155 | I80: 미확인 | O80: 10|L0155|1 | P80: 미확인
A81: 80 | B81: 11 | C81: 11.4-1 계산 사례 | D81: 🟢 보완 | E81: [검증필요 — 국회 제출·통과 여부 재확인] | G81: 국회 제출·통과 여부 재확인 | H81: 11_종부세_과세표준.md L140 | I81: 미확인 | O81: 11|L0140|1 | P81: 미확인
A82: 81 | B82: 11 | C82: 11.4-5 그 밖의 판례 | D82: 🟢 보완 | E82: [검증필요 — 판결 본문 대조] | G82: 판결 본문 대조 | H82: 11_종부세_과세표준.md L164 | I82: 미확인 | O82: 11|L0164|1 | P82: 미확인
A83: 82 | B83: 11 | C83: 11.4-5 그 밖의 판례 | D83: 🟢 보완 | E83: [검증필요 — 판결 본문 대조 및 후속 판례 확인] | G83: 판결 본문 대조 및 후속 판례 확인 | H83: 11_종부세_과세표준.md L166 | I83: 미확인 | O83: 11|L0166|1 | P83: 미확인
A84: 83 | B84: 12 | C84: 12.2.2 ★ 세율을 가르는 「주택 수」 | D84: 🟡 중요 | E84: [검증필요 — 이후 요건 조문 후단 원문 대조] | G84: 이후 요건 조문 후단 원문 대조 | H84: 12_종부세_세율.md L87 | I84: 미확인 | O84: 12|L0087|1 | P84: 미확인
A85: 84 | B85: 12 | C85: 12.2.2 ★ 세율을 가르는 「주택 수」 | D85: 🟡 중요 | E85: [검증필요 — 부령 명칭 정합성] | G85: 부령 명칭 정합성 | H85: 12_종부세_세율.md L92 | I85: 미확인 | O85: 12|L0092|1 | P85: 미확인
A86: 85 | B86: 12 | C86: 12.2.5 농어촌특별세 | D86: 🟢 보완 | E86: [검증필요 — 농특세법 시행령 분납 절차] | G86: 농특세법 시행령 분납 절차 | H86: 12_종부세_세율.md L158 | I86: 미확인 | O86: 12|L0158|1 | P86: 미확인
A87: 86 | B87: 12 | C87: 12.3 실무 절차 | D87: 🟢 보완 | E87: [검증필요 — 2026년 세제개편안 국회 제출·통과 여부, 열람 시점 재확인] | G87: 2026년 세제개편안 국회 제출·통과 여부, 열람 시점 재확인 | H87: 12_종부세_세율.md L199 | I87: 미확인 | O87: 12|L0199|1 | P87: 미확인
A88: 87 | B88: 12 | C88: 12.4.2 법인 단일세율의 합헌성 | D88: 🟡 중요 | E88: [검증필요 — 결정 주문 전문. 이 책은 판시사항·결정요지 범위 내에서만 인용했다] | G88: 결정 주문 전문. 이 책은 판시사항·결정요지 범위 내에서만 인용했다 | H88: 12_종부세_세율.md L261 | I88: 미확인 | O88: 12|L0261|1 | P88: 미확인
A89: 88 | B89: 12 | C89: 12.4.3 그 밖의 결정과 하급심 | D89: 🟢 보완 | E89: [검증필요 — 결정 주문 전문] | G89: 결정 주문 전문 | H89: 12_종부세_세율.md L270 | I89: 미확인 | O89: 12|L0270|1 | P89: 미확인
... A99: 98 | B99: 14 | C99: 14.3.2 보유기간 특례에는 신청 의무가 있다 | D99: 🟡 중요 | E99: [검증필요 — 시행규칙 별지 제29호 서식 본문(칸 구성·기재요령) 미취득] | G99: 시행규칙 별지 제29호 서식 본문(칸 구성·기재요령) 미취득 | H99: 14_고령자_장기보유_세액공제.md L133 | I99: 미확인 | O99: 14|L0133|1 | P99: 미확인
A100: 99 | B100: 14 | C100: 14.4.1 판례가 아직 형성되지 않은 영역이다 | D100: 🟢 보완 | E100: [검증필요 — 서울행정법원 2009구합36323 판결 이유 미취득] | F100: 2009구합36323 | G100: 서울행정법원 2009구합36323 판결 이유 미취득 | H100: 14_고령자_장기보유_세액공제.md L151 | I100: 미확인 | O100: 14|L0151|1 | P100: 미확인
A101: 100 | B101: 14 | C101: 14.4.1 판례가 아직 형성되지 않은 영역이다 | D101: 🟢 보완 | E101: [검증필요 — 관련 조세심판원 결정례 미수집] | G101: 관련 조세심판원 결정례 미수집 | H101: 14_고령자_장기보유_세액공제.md L152 | I101: 미확인 | O101: 14|L0152|1 | P101: 미확인
A102: 101 | B102: 15 | C102: 15.1 쉽게 이해하기 | D102: 🟢 보완 | E102: [검증필요 — 결정 이유 원문 미취득] | G102: 결정 이유 원문 미취득 | H102: 15_부부공동명의_특례.md L16 | I102: 미확인 | O102: 15|L0016|1 | P102: 미확인
A103: 102 | B103: 15 | C103: 15.2.2 ★ 납세의무자를 정하는 기준이 바뀌었다 | D103: 🟡 중요 | E103: [검증필요 — 부칙 적용례 미대조] | G103: 부칙 적용례 미대조 | H103: 15_부부공동명의_특례.md L65 | I103: 미확인 | O103: 15|L0065|1 | P103: 미확인
A104: 103 | B104: 15 | C104: 15.2.3 특례를 신청하면 무엇이 달라지는가 | D104: 🟢 보완 | E104: [검증필요 — 지분 취득 시기가 다른 경우의 보유기간] | G104: 지분 취득 시기가 다른 경우의 보유기간 | H104: 15_부부공동명의_특례.md L87 | I104: 미확인 | O104: 15|L0087|1 | P104: 미확인
A105: 104 | B105: 15 | C105: 15.2.3 특례를 신청하면 무엇이 달라지는가 | D105: 🟢 보완 | E105: [검증필요 — 국세청 해석] | G105: 국세청 해석 | H105: 15_부부공동명의_특례.md L88 | I105: 미확인 | O105: 15|L0088|1 | P105: 미확인
A106: 105 | B106: 15 | C106: 15.3 실무 절차 | D106: 🟡 중요 | E106: [검증필요 — 규칙상 근거 미대조] | G106: 규칙상 근거 미대조 | H106: 15_부부공동명의_특례.md L97 | I106: 미확인 | O106: 15|L0097|1 | P106: 미확인
A107: 106 | B107: 15 | C107: 15.3 실무 절차 | D107: 🟢 보완 | E107: [검증필요 — 신청기한 도과 시 경정청구 등 구제 가부] | G107: 신청기한 도과 시 경정청구 등 구제 가부 | H107: 15_부부공동명의_특례.md L106 | I107: 미확인 | O107: 15|L0106|1 | P107: 미확인
A108: 107 | B108: 15 | C108: 15.4.1 입법의 배경이 된 사건 | D108: 🟢 보완 | E108: [검증필요 — 판결 결론·이유 불일치] | G108: 판결 결론·이유 불일치 | H108: 15_부부공동명의_특례.md L136 | I108: 미확인 | O108: 15|L0136|1 | P108: 미확인
A109: 108 | B109: 15 | C109: 15.4.2 사례 15-1 | D109: 🔴 최우선 | E109: [검증필요 — 일반화 금지 · 사안별 실계산 필요] | G109: 특례를 신청하지 않은 경우 각 지분권자의 재산세액 공제를 산정할 때 분모를 주택 전체로 잡을지 지분 상당액으로 잡을지에 관한 해석이 확인되지 않았다. 위 표의 427,500원·91,500원과 합계 3,561,000원이 그 해석에 의존하며, 이 값은 아래 유·불리 판정의 기준선이 된다 | H109: 15_부부공동명의_특례.md L228 | I109: 미확인 | O109: 15|L0155|1 | P109: 미확인
...

Sheet ② 요약
A1: 원문 대조 진행 현황
A2: 상태 열(① 작업표 I열)을 채우면 아래 수치·진행률이 자동으로 갱신된다.
A4: ■ 전체
A5: 총 등재 건수 | C5: =COUNTA('① 작업표'!$A$2:$A$2000)
A6: 확인완료 | C6: =COUNTIF('① 작업표'!$I$2:$I$2000,"확인완료")
A7: 확인중 | C7: =COUNTIF('① 작업표'!$I$2:$I$2000,"확인중")
A8: 미확인 | C8: =COUNTIF('① 작업표'!$I$2:$I$2000,"미확인")
A9: 수정필요 | C9: =COUNTIF('① 작업표'!$I$2:$I$2000,"수정필요")
A10: 해당없음(표기용) | C10: =COUNTIF('① 작업표'!$I$2:$I$2000,"해당없음")
A11: 전체 진행률 | C11: =IFERROR(COUNTIF('① 작업표'!$I$2:$I$2000,"확인완료")/(COUNTA('① 작업표'!$A$2:$A$2000)-COUNTIF('① 작업표'!$I$2:$I$2000,"해당없음")),"") | J11: 분모는 ⚪ 표기용 10건을 뺀 실제 검증 대상 기준
A12: 🔴 최우선 진행률 | C12: =IFERROR(COUNTIFS('① 작업표'!$D$2:$D$2000,"🔴 최우선",'① 작업표'!$I$2:$I$2000,"확인완료")/COUNTIF('① 작업표'!$D$2:$D$2000,"🔴 최우선"),"") | J12: 🔴은 어떤 경우에도 미해소 상태로 출판하지 말 것 (체크리스트 §0.2)
A14: ■ 우선순위별
A15: 우선순위 | B15: 기준 — 틀렸을 때의 결과 | C15: 등재 | D15: 확인완료 | E15: 확인중 | F15: 미확인 | G15: 수정필요 | H15: 해당없음 | I15: 진행률
A16: 🔴 최우선 | B16: 금액·세율·한도·비율·요건 연수·산식 — 세액이 틀어진다 | C16: =COUNTIF('① 작업표'!$D$2:$D$2000,"🔴 최우선") | D16: =COUNTIFS('① 작업표'!$D$2:$D$2000,"🔴 최우선",'① 작업표'!$I$2:$I$2000,"확인완료") | E16: =COUNTIFS('① 작업표'!$D$2:$D$2000,"🔴 최우선",'① 작업표'!$I$2:$I$2000,"확인중") | F16: =COUNTIFS('① 작업표'!$D$2:$D$2000,"🔴 최우선",'① 작업표'!$I$2:$I$2000,"미확인") | G16: =COUNTIFS('① 작업표'!$D$2:$D$2000,"🔴 최우선",'① 작업표'!$I$2:$I$2000,"수정필요") | H16: =COUNTIFS('① 작업표'!$D$2:$D$2000,"🔴 최우선",'① 작업표'!$I$2:$I$2000,"해당없음") | I16: =IFERROR(D16/(C16-H16),"")
A17: 🟡 중요 | B17: 조문번호·항·호 배치, 법문 축자 표현, 준용 관계 — 인용이 틀린다 | C17: =COUNTIF('① 작업표'!$D$2:$D$2000,"🟡 중요") | D17: =COUNTIFS('① 작업표'!$D$2:$D$2000,"🟡 중요",'① 작업표'!$I$2:$I$2000,"확인완료") | E17: =COUNTIFS('① 작업표'!$D$2:$D$2000,"🟡 중요",'① 작업표'!$I$2:$I$2000,"확인중") | F17: =COUNTIFS('① 작업표'!$D$2:$D$2000,"🟡 중요",'① 작업표'!$I$2:$I$2000,"미확인") | G17: =COUNTIFS('① 작업표'!$D$2:$D$2000,"🟡 중요",'① 작업표'!$I$2:$I$2000,"수정필요") | H17: =COUNTIFS('① 작업표'!$D$2:$D$2000,"🟡 중요",'① 작업표'!$I$2:$I$2000,"해당없음") | I17: =IFERROR(D17/(C17-H17),"")
A18: 🟢 보완 | B18: 예규·판례 사건번호, 서식 명칭, 절차·통계 — 신뢰도가 깎인다 | C18: =COUNTIF('① 작업표'!$D$2:$D$2000,"🟢 보완") | D18: =COUNTIFS('① 작업표'!$D$2:$D$2000,"🟢 보완",'① 작업표'!$I$2:$I$2000,"확인완료") | E18: =COUNTIFS('① 작업표'!$D$2:$D$2000,"🟢 보완",'① 작업표'!$I$2:$I$2000,"확인중") | F18: =COUNTIFS('① 작업표'!$D$2:$D$2000,"🟢 보완",'① 작업표'!$I$2:$I$2000,"미확인") | G18: =COUNTIFS('① 작업표'!$D$2:$D$2000,"🟢 보완",'① 작업표'!$I$2:$I$2000,"수정필요") | H18: =COUNTIFS('① 작업표'!$D$2:$D$2000,"🟢 보완",'① 작업표'!$I$2:$I$2000,"해당없음") | I18: =IFERROR(D18/(C18-H18),"")
A19: ⚪ 표기 | B19: 표기 설명·상호참조 — 원문 조회 대상이 아니며 마커를 지우지 말 것 | C19: =COUNTIF('① 작업표'!$D$2:$D$2000,"⚪ 표기") | D19: =COUNTIFS('① 작업표'!$D$2:$D$2000,"⚪ 표기",'① 작업표'!$I$2:$I$2000,"확인완료") | E19: =COUNTIFS('① 작업표'!$D$2:$D$2000,"⚪ 표기",'① 작업표'!$I$2:$I$2000,"확인중") | F19: =COUNTIFS('① 작업표'!$D$2:$D$2000,"⚪ 표기",'① 작업표'!$I$2:$I$2000,"미확인") | G19: =COUNTIFS('① 작업표'!$D$2:$D$2000,"⚪ 표기",'① 작업표'!$I$2:$I$2000,"수정필요") | H19: =COUNTIFS('① 작업표'!$D$2:$D$2000,"⚪ 표기",'① 작업표'!$I$2:$I$2000,"해당없음") | I19: =IFERROR(D19/(C19-H19),"")
A21: ■ 장별
A22: 장 | B22: 제목(약칭) | C22: 마커 | D22: 🔴 | E22: 🟡 | F22: 🟢 | G22: ⚪ | H22: 확인완료 | I22: 진행률 | J22: 집중 검증 권고
A23: 합계 | C23: =SUM(C23:C22) | D23: =SUM(D23:D22) | E23: =SUM(E23:E22) | F23: =SUM(F23:F22) | G23: =SUM(G23:G22) | H23: =SUM(H23:H22) | I23: =IFERROR(H23/(C23-G23),"")
A25: ■ 집중 검증 권고 장 — 여기부터 시작하라 (체크리스트 §0.4)
A26: 상태 | B26: 우선순위 | C26: 내용
A28: ■ 전 장 공통 — 1회 스캔으로 끝내는 작업 (체크리스트 §0.5)
A29: 상태 | B29: 우선순위 | C29: 내용
A31: ■ 보완 과제 — 마커 외 (체크리스트 §4)
A32: 상태 | B32: 우선순위 | C32: 내용
A34: ■ 개정 감시 항목 — 매 세션·매 개정판 재확인 (체크리스트 §2)
A35: 출판 직전 이 블록을 다시 돌릴 것. 검증 시점과 출판 시점 사이에 개정이 끼면 검증 결과는 무효가 된다.
A36: 상태 | B36: 우선순위 | C36: 내용

Sheet ③ 확인 방법
A1: 절 | B1: 구분 | C1: 내용 / URL / 값

Sheet ④ 확인 완료 이력
A1: 구분 | B1: 분류 | C1: 확정 사항 — 재검증 대상 아님 | D1: 출처 | E1: 비고
A2: 여기 적힌 것은 원문 대조가 끝난 사실이다. 원고가 이와 다르게 쓰고 있다면 원고가 틀린 것이다. 재검토 시 중복 작업을 막는 용도.
A3: ■ 근거 파일 — 05_review/verify_*.md (1차 출처 취득 성공분)
A5: ■ verify 확정 사항 — 원고 반영 확인 대상 (체크리스트 §3)
A7: ■ 확인 완료 — 그대로 사용 가능한 사실 (체크리스트 §7)
A9: ■ 기존 체크리스트에서 해소된 항목 (체크리스트 §6 — 이력)
